location,rooms,price,area,bathrooms,condition,ads_type,propriety_type,m2_price
"Cedofeita, Santo Ildefonso, Sé, Miragaia, São Nicolau e Vitória, Porto",4,390030.0,171.0,3,Unknown,Sell,House,2280.88
"Lordelo do Ouro e Massarelos, Porto",2,975000.0,160.4,2,Unknown,Sell,House,6078.55
"Lordelo do Ouro e Massarelos, Porto",5,325000.0,180.0,3,Unknown,Sell,House,1805.56
"Ramalde, Porto",4,1420000.0,271.0,3,Unknown,Sell,House,5239.85
"Cedofeita, Santo Ildefonso, Sé, Miragaia, São Nicolau e Vitória, Porto",1,253450.0,62.0,2,Unknown,Sell,House,4087.9
"Cedofeita, Santo Ildefonso, Sé, Miragaia, São Nicolau e Vitória, Porto",2,323250.0,70.0,2,Unknown,Sell,House,4617.86
"Campanhã, Porto",2,200000.0,96.0,2,Unknown,Sell,House,2083.33
"Ramalde, Porto",3,200000.0,60.0,2,Unknown,Sell,House,3333.33
"Ramalde, Porto",3,550000.0,93.0,2,Unknown,Sell,House,5913.98
"Cedofeita, Santo Ildefonso, Sé, Miragaia, São Nicolau e Vitória, Porto",4,1152000.0,338.6,3,Unknown,Sell,House,3402.24
"Cedofeita, Santo Ildefonso, Sé, Miragaia, São Nicolau e Vitória, Porto",1,250000.0,62.0,1,Unknown,Sell,House,4032.26
"Aldoar, Foz do Douro e Nevogilde, Porto",3,575000.0,113.0,2,New,Sell,House,5088.5
"Aldoar, Foz do Douro e Nevogilde, Porto",2,499000.0,100.0,2,New,Sell,House,4990.0
"Aldoar, Foz do Douro e Nevogilde, Porto",3,820000.0,290.0,4,New,Sell,House,2827.59
"Ramalde, Porto",3,399000.0,110.0,3,Renovated,Sell,House,3627.27
"Ramalde, Porto",4,1250000.0,288.0,4,Unknown,Sell,House,4340.28
"Aldoar, Foz do Douro e Nevogilde, Porto",3,1550000.0,359.0,4,Used,Sell,House,4317.55
"Cedofeita, Santo Ildefonso, Sé, Miragaia, São Nicolau e Vitória, Porto",1,130000.0,22.0,1,Renovated,Sell,House,5909.09
"Ramalde, Porto",3,550000.0,93.5,2,Unknown,Sell,House,5882.35
"Cedofeita, Santo Ildefonso, Sé, Miragaia, São Nicolau e Vitória, Porto",1,250000.0,62.0,1,Unknown,Sell,House,4032.26
"Ramalde, Porto",3,550000.0,93.0,2,Unknown,Sell,House,5913.98
"Ramalde, Porto",3,550000.0,93.5,2,Unknown,Sell,House,5882.35
"Aldoar, Foz do Douro e Nevogilde, Porto",3,820000.0,290.0,4,New,Sell,House,2827.59
"Paranhos, Porto",4,520000.0,208.0,3,Used,Sell,House,2500.0
"Aldoar, Foz do Douro e Nevogilde, Porto",3,820000.0,290.0,2,Unknown,Sell,House,2827.59
"Ramalde, Porto",3,550000.0,93.5,2,Unknown,Sell,House,5882.35
"Lordelo do Ouro e Massarelos, Porto",2,195000.0,60.0,1,To recovery,Sell,House,3250.0
"Cedofeita, Santo Ildefonso, Sé, Miragaia, São Nicolau e Vitória, Porto",1,275000.0,76.9,1,Unknown,Sell,House,3576.07
"Aldoar, Foz do Douro e Nevogilde, Porto",4,850000.0,164.0,3,Unknown,Sell,House,5182.93
"Aldoar, Foz do Douro e Nevogilde, Porto",4,850000.0,164.0,2,To recovery,Sell,House,5182.93
"Cedofeita, Santo Ildefonso, Sé, Miragaia, São Nicolau e Vitória, Porto",1,127000.0,48.0,1,To recovery,Sell,House,2645.83
"Ramalde, Porto",5,260000.0,70.0,2,To recovery,Sell,House,3714.29
"Aldoar, Foz do Douro e Nevogilde, Porto",4,850000.0,164.0,3,To recovery,Sell,House,5182.93
"Aldoar, Foz do Douro e Nevogilde, Porto",4,1250000.0,288.0,4,Unknown,Sell,House,4340.28
"Ramalde, Porto",3,150000.0,33.0,1,To recovery,Sell,House,4545.45
"Aldoar, Foz do Douro e Nevogilde, Porto",4,850000.0,164.0,3,To recovery,Sell,House,5182.93
"Paranhos, Porto",4,950000.0,326.0,3,Unknown,Sell,House,2914.11
"Aldoar, Foz do Douro e Nevogilde, Porto",4,1590000.0,360.0,3,Unknown,Sell,House,4416.67
"Cedofeita, Santo Ildefonso, Sé, Miragaia, São Nicolau e Vitória, Porto",1,285000.0,81.9,1,Unknown,Sell,House,3479.85
"Aldoar, Foz do Douro e Nevogilde, Porto",4,1250000.0,359.0,4,Used,Sell,House,3481.89
"Aldoar, Foz do Douro e Nevogilde, Porto",4,1350000.0,408.0,3,New,Sell,House,3308.82
"Cedofeita, Santo Ildefonso, Sé, Miragaia, São Nicolau e Vitória, Porto",4,390000.0,168.0,3,Unknown,Sell,House,2321.43
"Cedofeita, Santo Ildefonso, Sé, Miragaia, São Nicolau e Vitória, Porto",5,890000.0,255.0,3,Unknown,Sell,House,3490.2
"Cedofeita, Santo Ildefonso, Sé, Miragaia, São Nicolau e Vitória, Porto",5,890000.0,255.0,3,Unknown,Sell,House,3490.2
"Cedofeita, Santo Ildefonso, Sé, Miragaia, São Nicolau e Vitória, Porto",5,890000.0,255.0,3,Unknown,Sell,House,3490.2
"Aldoar, Foz do Douro e Nevogilde, Porto",4,1750000.0,222.0,4,Renovated,Sell,House,7882.88
"Cedofeita, Santo Ildefonso, Sé, Miragaia, São Nicolau e Vitória, Porto",4,760000.0,291.0,3,Unknown,Sell,House,2611.68
"Paranhos, Porto",3,290000.0,140.0,2,Unknown,Sell,House,2071.43
"Lordelo do Ouro e Massarelos, Porto",4,994000.0,218.73,4,Renovated,Sell,House,4544.42
"Ramalde, Porto",5,490000.0,140.0,3,Unknown,Sell,House,3500.0
"Cedofeita, Santo Ildefonso, Sé, Miragaia, São Nicolau e Vitória, Porto",4,760000.0,291.0,3,Unknown,Sell,House,2611.68
"Campanhã, Porto",4,1090000.0,459.0,3,Unknown,Sell,House,2374.73
"Aldoar, Foz do Douro e Nevogilde, Porto",3,920000.0,288.0,4,Unknown,Sell,House,3194.44
"Campanhã, Porto",2,160000.0,60.0,1,Used,Sell,House,2666.67
"Ramalde, Porto",3,600000.0,214.0,4,To recovery,Sell,House,2803.74
"Campanhã, Porto",3,250000.0,91.0,3,Renovated,Sell,House,2747.25
"Paranhos, Porto",5,850000.0,250.0,4,New,Sell,House,3400.0
"Paranhos, Porto",3,550000.0,293.0,3,Used,Sell,House,1877.13
"Cedofeita, Santo Ildefonso, Sé, Miragaia, São Nicolau e Vitória, Porto",4,390000.0,214.0,1,To recovery,Sell,House,1822.43
"Cedofeita, Santo Ildefonso, Sé, Miragaia, São Nicolau e Vitória, Porto",1,253450.0,70.9,1,New,Sell,House,3574.75
"Lordelo do Ouro e Massarelos, Porto",3,1300000.0,264.16,4,Used,Sell,House,4921.26
"Campanhã, Porto",4,270000.0,221.0,2,To recovery,Sell,House,1221.72
"Campanhã, Porto",3,285000.0,193.0,3,Used,Sell,House,1476.68
"Aldoar, Foz do Douro e Nevogilde, Porto",4,800000.0,120.0,2,Used,Sell,House,6666.67
"Campanhã, Porto",2,319000.0,41.65,2,Renovated,Sell,House,7659.06
"Lordelo do Ouro e Massarelos, Porto",2,699000.0,126.0,3,Renovated,Sell,House,5547.62
"Aldoar, Foz do Douro e Nevogilde, Porto",5,1275000.0,296.0,4,Used,Sell,House,4307.43
"Cedofeita, Santo Ildefonso, Sé, Miragaia, São Nicolau e Vitória, Porto",4,760000.0,291.01,3,Unknown,Sell,House,2611.59
"Ramalde, Porto",2,169000.0,204.0,2,To recovery,Sell,House,828.43
"Cedofeita, Santo Ildefonso, Sé, Miragaia, São Nicolau e Vitória, Porto",6,980000.0,293.0,4,New,Sell,House,3344.71
"Lordelo do Ouro e Massarelos, Porto",4,485000.0,282.0,2,To recovery,Sell,House,1719.86
"Lordelo do Ouro e Massarelos, Porto",4,650000.0,260.0,4,Used,Sell,House,2500.0
"Paranhos, Porto",3,435000.0,156.0,2,Used,Sell,House,2788.46
"Campanhã, Porto",2,390000.0,139.0,4,Renovated,Sell,House,2805.76
"Lordelo do Ouro e Massarelos, Porto",5,1395000.0,276.0,3,Unknown,Sell,House,5054.35
"Cedofeita, Santo Ildefonso, Sé, Miragaia, São Nicolau e Vitória, Porto",4,1475000.0,479.0,4,Unknown,Sell,House,3079.33
"Campanhã, Porto",2,317388.0,86.0,2,Unknown,Sell,House,3690.56
"Paranhos, Porto",4,350000.0,240.0,2,Used,Sell,House,1458.33
"Paranhos, Porto",4,490000.0,177.0,3,Unknown,Sell,House,2768.36
"Campanhã, Porto",3,498500.0,126.0,3,Unknown,Sell,House,3956.35
"Cedofeita, Santo Ildefonso, Sé, Miragaia, São Nicolau e Vitória, Porto",3,365000.0,93.0,3,Unknown,Sell,House,3924.73
"Aldoar, Foz do Douro e Nevogilde, Porto",2,295000.0,95.0,1,Unknown,Sell,House,3105.26
"Ramalde, Porto",3,200000.0,60.0,1,Used,Sell,House,3333.33
"Ramalde, Porto",4,760000.0,291.0,3,Unknown,Sell,House,2611.68
"Aldoar, Foz do Douro e Nevogilde, Porto",3,1200000.0,262.0,2,Unknown,Sell,House,4580.15
"Ramalde, Porto",2,200000.0,45.7,1,To recovery,Sell,House,4376.37
"Lordelo do Ouro e Massarelos, Porto",2,369000.0,92.0,2,Used,Sell,House,4010.87
"Ramalde, Porto",5,750000.0,285.0,3,Used,Sell,House,2631.58
"Ramalde, Porto",4,1680000.0,373.0,4,Used,Sell,House,4504.02
"Campanhã, Porto",2,125000.0,58.0,1,In ruin,Sell,House,2155.17
"Campanhã, Porto",2,125000.0,57.0,1,In ruin,Sell,House,2192.98
"Aldoar, Foz do Douro e Nevogilde, Porto",5,1500000.0,336.0,4,Unknown,Sell,House,4464.29
"Aldoar, Foz do Douro e Nevogilde, Porto",3,480000.0,144.0,3,To recovery,Sell,House,3333.33
"Ramalde, Porto",3,790000.0,220.0,2,Unknown,Sell,House,3590.91
"Ramalde, Porto",3,495000.0,102.0,2,Unknown,Sell,House,4852.94
"Campanhã, Porto",6,140000.0,129.0,4,Unknown,Sell,House,1085.27
"Lordelo do Ouro e Massarelos, Porto",6,950000.0,462.0,4,Unknown,Sell,House,2056.28
"Cedofeita, Santo Ildefonso, Sé, Miragaia, São Nicolau e Vitória, Porto",3,199900.0,78.0,2,Used,Sell,House,2562.82
"Ramalde, Porto",3,790000.0,220.0,2,Unknown,Sell,House,3590.91
"Ramalde, Porto",3,790000.0,220.0,4,Used,Sell,House,3590.91
"Campanhã, Porto",3,360000.0,206.0,1,Unknown,Sell,House,1747.57
"Paranhos, Porto",5,695000.0,295.0,3,Unknown,Sell,House,2355.93
"Campanhã, Porto",5,680000.0,463.3,4,Used,Sell,House,1467.73
"Cedofeita, Santo Ildefonso, Sé, Miragaia, São Nicolau e Vitória, Porto",2,290160.0,72.6,1,Unknown,Sell,House,3996.69
"Cedofeita, Santo Ildefonso, Sé, Miragaia, São Nicolau e Vitória, Porto",2,358050.0,93.0,1,Unknown,Sell,House,3850.0
"Cedofeita, Santo Ildefonso, Sé, Miragaia, São Nicolau e Vitória, Porto",2,298165.0,106.3,1,Unknown,Sell,House,2804.94
"Cedofeita, Santo Ildefonso, Sé, Miragaia, São Nicolau e Vitória, Porto",1,250000.0,62.0,1,Unknown,Sell,House,4032.26
"Cedofeita, Santo Ildefonso, Sé, Miragaia, São Nicolau e Vitória, Porto",1,275000.0,77.0,1,Unknown,Sell,House,3571.43
"Cedofeita, Santo Ildefonso, Sé, Miragaia, São Nicolau e Vitória, Porto",1,285000.0,82.0,1,Unknown,Sell,House,3475.61
"Lordelo do Ouro e Massarelos, Porto",4,1275000.0,326.0,3,Unknown,Sell,House,3911.04
"Ramalde, Porto",2,150000.0,33.0,1,To recovery,Sell,House,4545.45
"Campanhã, Porto",3,253000.0,93.0,2,Unknown,Sell,House,2720.43
"Aldoar, Foz do Douro e Nevogilde, Porto",6,1500000.0,284.0,4,Unknown,Sell,House,5281.69
"Campanhã, Porto",2,300000.0,100.0,3,Renovated,Sell,House,3000.0
"Paranhos, Porto",4,495000.0,163.0,3,Used,Sell,House,3036.81
"Aldoar, Foz do Douro e Nevogilde, Porto",4,780000.0,184.0,3,Unknown,Sell,House,4239.13
"Cedofeita, Santo Ildefonso, Sé, Miragaia, São Nicolau e Vitória, Porto",1,159000.0,62.0,1,Renovated,Sell,House,2564.52
"Ramalde, Porto",3,550000.0,93.5,2,To recovery,Sell,House,5882.35
"Aldoar, Foz do Douro e Nevogilde, Porto",4,1350000.0,408.0,3,Unknown,Sell,House,3308.82
"Cedofeita, Santo Ildefonso, Sé, Miragaia, São Nicolau e Vitória, Porto",5,650000.0,225.0,3,Unknown,Sell,House,2888.89
"Campanhã, Porto",1,180000.0,70.0,1,Renovated,Sell,House,2571.43
"Campanhã, Porto",2,200000.0,97.0,2,Renovated,Sell,House,2061.86
"Campanhã, Porto",4,790000.0,235.0,4,Unknown,Sell,House,3361.7
"Campanhã, Porto",5,450000.0,128.0,3,Used,Sell,House,3515.62
"Campanhã, Porto",2,300000.0,100.0,3,Renovated,Sell,House,3000.0
"Ramalde, Porto",3,735000.0,161.0,4,New,Sell,House,4565.22
"Aldoar, Foz do Douro e Nevogilde, Porto",3,1550000.0,480.0,4,Used,Sell,House,3229.17
"Ramalde, Porto",3,735000.0,161.6,4,New,Sell,House,4548.27
"Campanhã, Porto",2,300000.0,99.0,3,Renovated,Sell,House,3030.3
"Cedofeita, Santo Ildefonso, Sé, Miragaia, São Nicolau e Vitória, Porto",4,290000.0,168.0,3,Unknown,Sell,House,1726.19
"Paranhos, Porto",3,205000.0,124.0,1,To recovery,Sell,House,1653.23
"Cedofeita, Santo Ildefonso, Sé, Miragaia, São Nicolau e Vitória, Porto",4,448000.0,360.0,3,Unknown,Sell,House,1244.44
"Ramalde, Porto",3,348000.0,144.0,3,Unknown,Sell,House,2416.67
"Ramalde, Porto",5,490000.0,145.0,3,Unknown,Sell,House,3379.31
"Campanhã, Porto",3,450000.0,170.0,2,Unknown,Sell,House,2647.06
"Campanhã, Porto",4,280000.0,145.0,3,Used,Sell,House,1931.03
"Cedofeita, Santo Ildefonso, Sé, Miragaia, São Nicolau e Vitória, Porto",2,275000.0,73.0,2,Unknown,Sell,House,3767.12
"Campanhã, Porto",2,78500.0,111.0,3,Under construction,Sell,House,707.21
"Aldoar, Foz do Douro e Nevogilde, Porto",4,440000.0,245.0,4,Unknown,Sell,House,1795.92
"Paranhos, Porto",6,390000.0,152.0,3,Used,Sell,House,2565.79
"Ramalde, Porto",2,250000.0,86.0,3,Renovated,Sell,House,2906.98
"Ramalde, Porto",3,820000.0,299.0,4,New,Sell,House,2742.47
"Ramalde, Porto",2,188000.0,70.0,2,Unknown,Sell,House,2685.71
"Campanhã, Porto",4,360000.0,245.0,3,Unknown,Sell,House,1469.39
"Aldoar, Foz do Douro e Nevogilde, Porto",3,499000.0,114.0,2,Renovated,Sell,House,4377.19
"Paranhos, Porto",4,600000.0,356.0,4,Used,Sell,House,1685.39
"Aldoar, Foz do Douro e Nevogilde, Porto",4,1750000.0,260.0,3,Unknown,Sell,House,6730.77
"Lordelo do Ouro e Massarelos, Porto",4,1350000.0,487.0,3,Used,Sell,House,2772.07
"Cedofeita, Santo Ildefonso, Sé, Miragaia, São Nicolau e Vitória, Porto",1,159000.0,62.0,1,Unknown,Sell,House,2564.52
"Campanhã, Porto",3,420000.0,207.0,2,Renovated,Sell,House,2028.99
"Ramalde, Porto",4,600000.0,233.0,3,New,Sell,House,2575.11
"Lordelo do Ouro e Massarelos, Porto",6,1380000.0,324.0,4,To recovery,Sell,House,4259.26
"Aldoar, Foz do Douro e Nevogilde, Porto",3,1500000.0,256.15,4,New,Sell,House,5855.94
"Cedofeita, Santo Ildefonso, Sé, Miragaia, São Nicolau e Vitória, Porto",2,290160.0,72.54,1,Unknown,Sell,House,4000.0
"Aldoar, Foz do Douro e Nevogilde, Porto",4,1350000.0,408.0,4,New,Sell,House,3308.82
"Aldoar, Foz do Douro e Nevogilde, Porto",4,850000.0,164.0,3,Unknown,Sell,House,5182.93
"Aldoar, Foz do Douro e Nevogilde, Porto",4,1250000.0,340.0,4,Used,Sell,House,3676.47
"Campanhã, Porto",2,299000.0,75.0,3,Used,Sell,House,3986.67
"Aldoar, Foz do Douro e Nevogilde, Porto",4,1590000.0,360.0,3,Unknown,Sell,House,4416.67
"Campanhã, Porto",3,204900.0,75.0,1,Unknown,Sell,House,2732.0
"Aldoar, Foz do Douro e Nevogilde, Porto",4,1350000.0,239.0,3,Unknown,Sell,House,5648.54
"Aldoar, Foz do Douro e Nevogilde, Porto",4,1590000.0,360.0,3,Unknown,Sell,House,4416.67
"Ramalde, Porto",3,550000.0,160.0,2,Used,Sell,House,3437.5
"Aldoar, Foz do Douro e Nevogilde, Porto",4,1750000.0,308.0,4,Used,Sell,House,5681.82
"Cedofeita, Santo Ildefonso, Sé, Miragaia, São Nicolau e Vitória, Porto",2,497500.0,178.0,3,Unknown,Sell,House,2794.94
"Aldoar, Foz do Douro e Nevogilde, Porto",3,920000.0,288.0,2,Unknown,Sell,House,3194.44
"Aldoar, Foz do Douro e Nevogilde, Porto",4,1930000.0,274.0,4,Used,Sell,House,7043.8
"Aldoar, Foz do Douro e Nevogilde, Porto",4,750000.0,261.0,2,To recovery,Sell,House,2873.56
"Cedofeita, Santo Ildefonso, Sé, Miragaia, São Nicolau e Vitória, Porto",5,890000.0,255.0,4,Used,Sell,House,3490.2
"Cedofeita, Santo Ildefonso, Sé, Miragaia, São Nicolau e Vitória, Porto",5,890000.0,255.0,3,Used,Sell,House,3490.2
"Campanhã, Porto",3,239010.0,87.0,2,Unknown,Sell,House,2747.24
"Cedofeita, Santo Ildefonso, Sé, Miragaia, São Nicolau e Vitória, Porto",4,269000.0,160.0,2,Used,Sell,House,1681.25
"Aldoar, Foz do Douro e Nevogilde, Porto",3,920000.0,129.0,4,Under construction,Sell,House,7131.78
"Lordelo do Ouro e Massarelos, Porto",6,950000.0,462.0,2,To recovery,Sell,House,2056.28
"Lordelo do Ouro e Massarelos, Porto",6,950000.0,462.0,4,Unknown,Sell,House,2056.28
"Aldoar, Foz do Douro e Nevogilde, Porto",4,1750000.0,260.0,4,Used,Sell,House,6730.77
"Aldoar, Foz do Douro e Nevogilde, Porto",3,820000.0,290.0,4,New,Sell,House,2827.59
"Cedofeita, Santo Ildefonso, Sé, Miragaia, São Nicolau e Vitória, Porto",4,649000.0,188.0,2,Used,Sell,House,3452.13
"Cedofeita, Santo Ildefonso, Sé, Miragaia, São Nicolau e Vitória, Porto",3,270000.0,100.0,2,Used,Sell,House,2700.0
"Aldoar, Foz do Douro e Nevogilde, Porto",3,599000.0,192.0,3,Unknown,Sell,House,3119.79
"Lordelo do Ouro e Massarelos, Porto",4,994000.0,218.73,3,Unknown,Sell,House,4544.42
"Aldoar, Foz do Douro e Nevogilde, Porto",3,920000.0,288.0,2,Unknown,Sell,House,3194.44
"Lordelo do Ouro e Massarelos, Porto",3,795000.0,175.6,4,Under construction,Sell,House,4527.33
"Aldoar, Foz do Douro e Nevogilde, Porto",4,1250000.0,256.35,4,Under construction,Sell,House,4876.15
"Cedofeita, Santo Ildefonso, Sé, Miragaia, São Nicolau e Vitória, Porto",1,230000.0,53.45,1,New,Sell,House,4303.09
"Aldoar, Foz do Douro e Nevogilde, Porto",1,385000.0,72.0,2,Unknown,Sell,House,5347.22
"Paranhos, Porto",6,550000.0,288.0,4,Used,Sell,House,1909.72
"Aldoar, Foz do Douro e Nevogilde, Porto",5,695000.0,180.0,3,Used,Sell,House,3861.11
"Paranhos, Porto",6,550000.0,288.0,4,Used,Sell,House,1909.72
"Campanhã, Porto",2,318000.0,64.0,2,Renovated,Sell,House,4968.75
"Aldoar, Foz do Douro e Nevogilde, Porto",4,1250000.0,238.0,3,Unknown,Sell,House,5252.1
"Ramalde, Porto",1,159000.0,50.0,1,Renovated,Sell,House,3180.0
"Campanhã, Porto",3,350000.0,162.0,4,Unknown,Sell,House,2160.49
"Aldoar, Foz do Douro e Nevogilde, Porto",3,575000.0,113.0,2,New,Sell,House,5088.5
"Aldoar, Foz do Douro e Nevogilde, Porto",2,525000.0,100.0,2,New,Sell,House,5250.0
"Paranhos, Porto",3,550000.0,294.0,2,Unknown,Sell,House,1870.75
"Cedofeita, Santo Ildefonso, Sé, Miragaia, São Nicolau e Vitória, Porto",2,355350.0,88.0,1,New,Sell,House,4038.07
"Cedofeita, Santo Ildefonso, Sé, Miragaia, São Nicolau e Vitória, Porto",1,263750.0,62.1,1,New,Sell,House,4247.18
"Aldoar, Foz do Douro e Nevogilde, Porto",4,1899900.0,362.0,4,New,Sell,House,5248.34
"Paranhos, Porto",4,394800.0,130.0,1,Unknown,Sell,House,3036.92
"Ramalde, Porto",2,250000.0,100.0,3,Renovated,Sell,House,2500.0
"Ramalde, Porto",3,1500000.0,272.0,4,Used,Sell,House,5514.71
"Aldoar, Foz do Douro e Nevogilde, Porto",4,1275000.0,313.0,4,Used,Sell,House,4073.48
"Cedofeita, Santo Ildefonso, Sé, Miragaia, São Nicolau e Vitória, Porto",2,130000.0,27.0,1,Renovated,Sell,House,4814.81
"Aldoar, Foz do Douro e Nevogilde, Porto",4,750000.0,268.0,4,Used,Sell,House,2798.51
"Aldoar, Foz do Douro e Nevogilde, Porto",4,1350000.0,408.0,4,Used,Sell,House,3308.82
"Cedofeita, Santo Ildefonso, Sé, Miragaia, São Nicolau e Vitória, Porto",4,390000.0,213.5,2,Used,Sell,House,1826.7
"Campanhã, Porto",3,450000.0,170.0,2,Renovated,Sell,House,2647.06
"Aldoar, Foz do Douro e Nevogilde, Porto",3,1200000.0,248.0,4,Used,Sell,House,4838.71
"Cedofeita, Santo Ildefonso, Sé, Miragaia, São Nicolau e Vitória, Porto",4,350000.0,128.0,2,Used,Sell,House,2734.38
"Campanhã, Porto",4,850000.0,250.0,4,Used,Sell,House,3400.0
"Ramalde, Porto",5,475000.0,171.0,2,Used,Sell,House,2777.78
"Cedofeita, Santo Ildefonso, Sé, Miragaia, São Nicolau e Vitória, Porto",4,760000.0,291.0,3,Unknown,Sell,House,2611.68
"Campanhã, Porto",2,180000.0,70.0,2,New,Sell,House,2571.43
"Campanhã, Porto",2,200000.0,70.0,2,New,Sell,House,2857.14
"Aldoar, Foz do Douro e Nevogilde, Porto",4,1350000.0,239.13,4,Used,Sell,House,5645.46
"Ramalde, Porto",2,270000.0,114.79,1,To recovery,Sell,House,2352.12
"Lordelo do Ouro e Massarelos, Porto",3,800000.0,140.8,4,Unknown,Sell,House,5681.82
"Aldoar, Foz do Douro e Nevogilde, Porto",5,1750000.0,394.0,4,Used,Sell,House,4441.62
"Aldoar, Foz do Douro e Nevogilde, Porto",5,1450000.0,300.0,4,Used,Sell,House,4833.33
"Aldoar, Foz do Douro e Nevogilde, Porto",1,385000.0,72.0,2,Unknown,Sell,House,5347.22
"Paranhos, Porto",4,355000.0,319.0,2,To recovery,Sell,House,1112.85
"Aldoar, Foz do Douro e Nevogilde, Porto",1,385000.0,72.0,2,Unknown,Sell,House,5347.22
"Cedofeita, Santo Ildefonso, Sé, Miragaia, São Nicolau e Vitória, Porto",1,253450.0,55.0,1,Under construction,Sell,House,4608.18
"Cedofeita, Santo Ildefonso, Sé, Miragaia, São Nicolau e Vitória, Porto",2,323250.0,75.0,1,Under construction,Sell,House,4310.0
"Campanhã, Porto",3,180000.0,127.0,3,Unknown,Sell,House,1417.32
"Aldoar, Foz do Douro e Nevogilde, Porto",6,910000.0,261.25,4,Used,Sell,House,3483.25
"Aldoar, Foz do Douro e Nevogilde, Porto",3,630000.0,121.0,2,Used,Sell,House,5206.61
"Cedofeita, Santo Ildefonso, Sé, Miragaia, São Nicolau e Vitória, Porto",4,380000.0,286.0,4,To recovery,Sell,House,1328.67
"Campanhã, Porto",2,320000.0,87.0,2,Renovated,Sell,House,3678.16
"Aldoar, Foz do Douro e Nevogilde, Porto",4,1150000.0,182.0,3,Unknown,Sell,House,6318.68
"Cedofeita, Santo Ildefonso, Sé, Miragaia, São Nicolau e Vitória, Porto",5,1990000.0,256.0,4,Used,Sell,House,7773.44
"Aldoar, Foz do Douro e Nevogilde, Porto",3,820000.0,369.0,4,New,Sell,House,2222.22
"Campanhã, Porto",3,225000.0,92.0,2,Used,Sell,House,2445.65
"Cedofeita, Santo Ildefonso, Sé, Miragaia, São Nicolau e Vitória, Porto",1,274000.0,67.0,2,New,Sell,House,4089.55
"Aldoar, Foz do Douro e Nevogilde, Porto",4,1150000.0,181.0,4,Renovated,Sell,House,6353.59
"Cedofeita, Santo Ildefonso, Sé, Miragaia, São Nicolau e Vitória, Porto",3,450000.0,99.0,3,Renovated,Sell,House,4545.45
"Cedofeita, Santo Ildefonso, Sé, Miragaia, São Nicolau e Vitória, Porto",1,305000.0,81.0,2,New,Sell,House,3765.43
"Aldoar, Foz do Douro e Nevogilde, Porto",3,630000.0,190.0,2,Renovated,Sell,House,3315.79
"Lordelo do Ouro e Massarelos, Porto",3,800000.0,157.17,4,Used,Sell,House,5090.03
"Lordelo do Ouro e Massarelos, Porto",4,225000.0,175.0,4,To recovery,Sell,House,1285.71
"Campanhã, Porto",3,239000.0,82.0,2,Used,Sell,House,2914.63
"Aldoar, Foz do Douro e Nevogilde, Porto",3,820000.0,377.0,4,New,Sell,House,2175.07
"Lordelo do Ouro e Massarelos, Porto",3,250000.0,110.0,3,Used,Sell,House,2272.73
"Cedofeita, Santo Ildefonso, Sé, Miragaia, São Nicolau e Vitória, Porto",2,315000.0,100.0,2,New,Sell,House,3150.0
"Cedofeita, Santo Ildefonso, Sé, Miragaia, São Nicolau e Vitória, Porto",4,650000.0,227.0,4,Used,Sell,House,2863.44
"Cedofeita, Santo Ildefonso, Sé, Miragaia, São Nicolau e Vitória, Porto",1,253450.0,61.6,1,New,Sell,House,4114.45
"Cedofeita, Santo Ildefonso, Sé, Miragaia, São Nicolau e Vitória, Porto",2,323250.0,70.2,1,New,Sell,House,4604.7
"Aldoar, Foz do Douro e Nevogilde, Porto",4,820000.0,294.0,4,Used,Sell,House,2789.12
"Cedofeita, Santo Ildefonso, Sé, Miragaia, São Nicolau e Vitória, Porto",4,890000.0,437.0,4,Renovated,Sell,House,2036.61
"Campanhã, Porto",1,220000.0,56.0,1,Renovated,Sell,House,3928.57
"Ramalde, Porto",5,399000.0,285.0,3,Unknown,Sell,House,1400.0
"Campanhã, Porto",4,700000.0,377.0,3,Unknown,Sell,House,1856.76
"Ramalde, Porto",2,395000.0,104.0,2,Unknown,Sell,House,3798.08
"Campanhã, Porto",4,1090000.0,459.0,3,Unknown,Sell,House,2374.73
"Aldoar, Foz do Douro e Nevogilde, Porto",4,1150000.0,181.8,4,Renovated,Sell,House,6325.63
"Campanhã, Porto",3,650000.0,399.0,3,Under construction,Sell,House,1629.07
"Aldoar, Foz do Douro e Nevogilde, Porto",3,820000.0,290.0,2,Unknown,Sell,House,2827.59
"Ramalde, Porto",4,600000.0,164.0,3,Unknown,Sell,House,3658.54
"Cedofeita, Santo Ildefonso, Sé, Miragaia, São Nicolau e Vitória, Porto",2,323250.0,72.1,2,Unknown,Sell,House,4483.36
"Cedofeita, Santo Ildefonso, Sé, Miragaia, São Nicolau e Vitória, Porto",1,253450.0,63.86,2,Unknown,Sell,House,3968.84
"Campanhã, Porto",4,700000.0,532.0,2,To recovery,Sell,House,1315.79
"Lordelo do Ouro e Massarelos, Porto",4,1500000.0,182.0,4,Used,Sell,House,8241.76
"Aldoar, Foz do Douro e Nevogilde, Porto",3,790000.0,220.0,2,Unknown,Sell,House,3590.91
"Lordelo do Ouro e Massarelos, Porto",4,495000.0,392.0,3,Unknown,Sell,House,1262.76
"Ramalde, Porto",6,1750000.0,280.0,4,Unknown,Sell,House,6250.0
"Paranhos, Porto",5,695000.0,281.0,3,Unknown,Sell,House,2473.31
"Cedofeita, Santo Ildefonso, Sé, Miragaia, São Nicolau e Vitória, Porto",6,1200000.0,293.0,4,New,Sell,House,4095.56
"Aldoar, Foz do Douro e Nevogilde, Porto",4,1150000.0,181.8,4,Renovated,Sell,House,6325.63
"Cedofeita, Santo Ildefonso, Sé, Miragaia, São Nicolau e Vitória, Porto",3,475000.0,220.0,2,Unknown,Sell,House,2159.09
"Cedofeita, Santo Ildefonso, Sé, Miragaia, São Nicolau e Vitória, Porto",3,700000.0,112.0,3,Used,Sell,House,6250.0
"Ramalde, Porto",3,650000.0,284.79,4,Under construction,Sell,House,2282.38
"Paranhos, Porto",4,299000.0,96.0,2,Used,Sell,House,3114.58
"Cedofeita, Santo Ildefonso, Sé, Miragaia, São Nicolau e Vitória, Porto",1,250000.0,62.0,1,Unknown,Sell,House,4032.26
"Cedofeita, Santo Ildefonso, Sé, Miragaia, São Nicolau e Vitória, Porto",1,263750.0,87.3,1,New,Sell,House,3021.19
"Cedofeita, Santo Ildefonso, Sé, Miragaia, São Nicolau e Vitória, Porto",1,253450.0,49.2,1,New,Sell,House,5151.42
"Cedofeita, Santo Ildefonso, Sé, Miragaia, São Nicolau e Vitória, Porto",2,323250.0,109.6,2,New,Sell,House,2949.36
"Cedofeita, Santo Ildefonso, Sé, Miragaia, São Nicolau e Vitória, Porto",2,458450.0,109.6,2,New,Sell,House,4182.94
"Lordelo do Ouro e Massarelos, Porto",6,1650000.0,381.0,4,Used,Sell,House,4330.71
"Cedofeita, Santo Ildefonso, Sé, Miragaia, São Nicolau e Vitória, Porto",6,980000.0,293.0,4,New,Sell,House,3344.71
"Campanhã, Porto",3,239000.0,86.0,2,Used,Sell,House,2779.07
"Aldoar, Foz do Douro e Nevogilde, Porto",3,820000.0,290.2,2,Unknown,Sell,House,2825.64
"Cedofeita, Santo Ildefonso, Sé, Miragaia, São Nicolau e Vitória, Porto",2,249900.0,80.0,2,Used,Sell,House,3123.75
"Lordelo do Ouro e Massarelos, Porto",3,998000.0,260.0,3,Used,Sell,House,3838.46
"Aldoar, Foz do Douro e Nevogilde, Porto",3,820000.0,270.0,4,Used,Sell,House,3037.04
"Ramalde, Porto",3,820000.0,270.25,2,Unknown,Sell,House,3034.23
"Ramalde, Porto",4,675000.0,163.4,4,New,Sell,House,4130.97
"Ramalde, Porto",4,675000.0,171.6,4,New,Sell,House,3933.57
"Campanhã, Porto",3,500000.0,170.0,2,Used,Sell,House,2941.18
"Paranhos, Porto",3,650000.0,300.0,3,New,Sell,House,2166.67
"Cedofeita, Santo Ildefonso, Sé, Miragaia, São Nicolau e Vitória, Porto",4,390010.0,169.0,3,Unknown,Sell,House,2307.75
"Lordelo do Ouro e Massarelos, Porto",2,275000.0,83.0,2,Used,Sell,House,3313.25
"Paranhos, Porto",4,550000.0,234.0,4,Unknown,Sell,House,2350.43
"Ramalde, Porto",1,295000.0,58.0,1,To recovery,Sell,House,5086.21
"Lordelo do Ouro e Massarelos, Porto",2,495000.0,79.0,3,Used,Sell,House,6265.82
"Campanhã, Porto",2,150000.0,61.0,2,In ruin,Sell,House,2459.02
"Campanhã, Porto",4,1090000.0,459.0,2,To recovery,Sell,House,2374.73
"Paranhos, Porto",3,375000.0,325.0,2,Unknown,Sell,House,1153.85
"Cedofeita, Santo Ildefonso, Sé, Miragaia, São Nicolau e Vitória, Porto",3,650000.0,145.0,4,Used,Sell,House,4482.76
"Ramalde, Porto",3,390000.0,160.0,3,Unknown,Sell,House,2437.5
"Ramalde, Porto",4,890000.0,291.0,4,Used,Sell,House,3058.42
"Cedofeita, Santo Ildefonso, Sé, Miragaia, São Nicolau e Vitória, Porto",3,565000.0,65.21,3,Used,Sell,House,8664.32
"Lordelo do Ouro e Massarelos, Porto",2,450000.0,113.9,3,Under construction,Sell,House,3950.83
"Lordelo do Ouro e Massarelos, Porto",2,450000.0,113.91,3,Under construction,Sell,House,3950.49
"Aldoar, Foz do Douro e Nevogilde, Porto",3,1450000.0,266.0,4,Used,Sell,House,5451.13
"Paranhos, Porto",5,550000.0,224.0,3,Unknown,Sell,House,2455.36
"Aldoar, Foz do Douro e Nevogilde, Porto",3,900000.0,249.0,3,Used,Sell,House,3614.46
"Aldoar, Foz do Douro e Nevogilde, Porto",4,1350000.0,408.0,4,New,Sell,House,3308.82
"Campanhã, Porto",2,309000.0,86.0,2,Unknown,Sell,House,3593.02
"Lordelo do Ouro e Massarelos, Porto",2,450000.0,59.82,2,Unknown,Sell,House,7522.57
"Cedofeita, Santo Ildefonso, Sé, Miragaia, São Nicolau e Vitória, Porto",3,385000.0,148.5,2,Unknown,Sell,House,2592.59
"Ramalde, Porto",2,188000.0,70.0,2,Unknown,Sell,House,2685.71
"Aldoar, Foz do Douro e Nevogilde, Porto",4,1250000.0,288.0,3,Unknown,Sell,House,4340.28
"Lordelo do Ouro e Massarelos, Porto",3,230000.0,167.0,3,Unknown,Sell,House,1377.25
"Aldoar, Foz do Douro e Nevogilde, Porto",4,1750000.0,260.0,3,Unknown,Sell,House,6730.77
"Paranhos, Porto",6,280000.0,146.0,3,Used,Sell,House,1917.81
"Ramalde, Porto",4,900000.0,226.0,4,New,Sell,House,3982.3
"Ramalde, Porto",4,990000.0,226.0,4,New,Sell,House,4380.53
"Ramalde, Porto",3,980000.0,404.0,3,In ruin,Sell,House,2425.74
"Cedofeita, Santo Ildefonso, Sé, Miragaia, São Nicolau e Vitória, Porto",2,549900.0,100.0,2,Under construction,Sell,House,5499.0
"Aldoar, Foz do Douro e Nevogilde, Porto",3,575000.0,113.0,2,Unknown,Sell,House,5088.5
"Aldoar, Foz do Douro e Nevogilde, Porto",2,525000.0,100.0,2,Unknown,Sell,House,5250.0
"Aldoar, Foz do Douro e Nevogilde, Porto",3,599000.0,192.0,3,Unknown,Sell,House,3119.79
"Paranhos, Porto",4,200000.0,175.0,4,To recovery,Sell,House,1142.86
"Aldoar, Foz do Douro e Nevogilde, Porto",4,597000.0,190.0,3,Used,Sell,House,3142.11
"Paranhos, Porto",6,657000.0,270.0,4,Renovated,Sell,House,2433.33
"Cedofeita, Santo Ildefonso, Sé, Miragaia, São Nicolau e Vitória, Porto",4,890000.0,220.0,2,Used,Sell,House,4045.45
"Paranhos, Porto",4,400000.0,216.0,4,Used,Sell,House,1851.85
"Campanhã, Porto",3,450000.0,170.0,2,Renovated,Sell,House,2647.06
"Cedofeita, Santo Ildefonso, Sé, Miragaia, São Nicolau e Vitória, Porto",2,458450.0,103.0,2,Under construction,Sell,House,4450.97
"Campanhã, Porto",3,199900.0,215.0,1,To recovery,Sell,House,929.77
"Campanhã, Porto",3,780000.0,198.0,1,Unknown,Sell,House,3939.39
"Campanhã, Porto",3,178000.0,127.0,2,To recovery,Sell,House,1401.57
"Campanhã, Porto",2,320000.0,87.0,2,Renovated,Sell,House,3678.16
"Cedofeita, Santo Ildefonso, Sé, Miragaia, São Nicolau e Vitória, Porto",5,250000.0,217.0,3,Used,Sell,House,1152.07
"Lordelo do Ouro e Massarelos, Porto",4,1180000.0,264.0,3,To recovery,Sell,House,4469.7
"Aldoar, Foz do Douro e Nevogilde, Porto",5,1750000.0,394.0,3,Unknown,Sell,House,4441.62
"Aldoar, Foz do Douro e Nevogilde, Porto",3,590000.0,140.0,1,To recovery,Sell,House,4214.29
"Lordelo do Ouro e Massarelos, Porto",4,800000.0,231.0,3,Used,Sell,House,3463.2
"Ramalde, Porto",2,395000.0,104.0,2,Unknown,Sell,House,3798.08
"Ramalde, Porto",3,210000.0,78.0,1,To recovery,Sell,House,2692.31
"Campanhã, Porto",3,199500.0,280.0,1,To recovery,Sell,House,712.5
"Cedofeita, Santo Ildefonso, Sé, Miragaia, São Nicolau e Vitória, Porto",4,480000.0,205.0,4,Unknown,Sell,House,2341.46
"Paranhos, Porto",5,695000.0,312.0,3,Used,Sell,House,2227.56
"Ramalde, Porto",4,445000.0,185.6,3,Used,Sell,House,2397.63
"Lordelo do Ouro e Massarelos, Porto",4,1500000.0,321.8,2,Used,Sell,House,4661.28
"Campanhã, Porto",4,475000.0,176.0,1,Renovated,Sell,House,2698.86
"Ramalde, Porto",4,600000.0,185.2,3,Unknown,Sell,House,3239.74
"Cedofeita, Santo Ildefonso, Sé, Miragaia, São Nicolau e Vitória, Porto",2,335000.0,73.0,3,New,Sell,House,4589.04
"Cedofeita, Santo Ildefonso, Sé, Miragaia, São Nicolau e Vitória, Porto",2,295000.0,88.0,2,Renovated,Sell,House,3352.27
"Cedofeita, Santo Ildefonso, Sé, Miragaia, São Nicolau e Vitória, Porto",3,690000.0,227.0,4,Renovated,Sell,House,3039.65
"Aldoar, Foz do Douro e Nevogilde, Porto",4,1250000.0,284.0,3,Unknown,Sell,House,4401.41
"Lordelo do Ouro e Massarelos, Porto",4,1275000.0,326.5,3,Unknown,Sell,House,3905.05
"Cedofeita, Santo Ildefonso, Sé, Miragaia, São Nicolau e Vitória, Porto",2,450000.0,65.0,2,Unknown,Sell,House,6923.08
"Campanhã, Porto",4,330000.0,150.0,2,Used,Sell,House,2200.0
"Paranhos, Porto",6,1000000.0,216.0,2,Renovated,Sell,House,4629.63
"Paranhos, Porto",4,360000.0,166.0,3,Unknown,Sell,House,2168.67
"Cedofeita, Santo Ildefonso, Sé, Miragaia, São Nicolau e Vitória, Porto",5,650000.0,225.0,4,Renovated,Sell,House,2888.89
"Campanhã, Porto",5,850000.0,380.0,4,New,Sell,House,2236.84
"Cedofeita, Santo Ildefonso, Sé, Miragaia, São Nicolau e Vitória, Porto",5,650000.0,225.0,4,Renovated,Sell,House,2888.89
"Lordelo do Ouro e Massarelos, Porto",4,800000.0,231.0,3,Unknown,Sell,House,3463.2
"Aldoar, Foz do Douro e Nevogilde, Porto",4,597000.0,191.0,3,Used,Sell,House,3125.65
"Campanhã, Porto",3,180000.0,55.0,1,Used,Sell,House,3272.73
"Aldoar, Foz do Douro e Nevogilde, Porto",3,597000.0,191.0,3,Used,Sell,House,3125.65
"Lordelo do Ouro e Massarelos, Porto",5,790000.0,247.0,3,Unknown,Sell,House,3198.38
"Cedofeita, Santo Ildefonso, Sé, Miragaia, São Nicolau e Vitória, Porto",4,390000.0,214.0,1,To recovery,Sell,House,1822.43
"Aldoar, Foz do Douro e Nevogilde, Porto",3,575000.0,108.0,2,Renovated,Sell,House,5324.07
"Campanhã, Porto",3,360000.0,245.0,2,Unknown,Sell,House,1469.39
"Aldoar, Foz do Douro e Nevogilde, Porto",3,499000.0,114.0,2,Renovated,Sell,House,4377.19
"Aldoar, Foz do Douro e Nevogilde, Porto",4,1150000.0,288.0,3,Used,Sell,House,3993.06
"Lordelo do Ouro e Massarelos, Porto",5,790000.0,247.0,4,Renovated,Sell,House,3198.38
"Aldoar, Foz do Douro e Nevogilde, Porto",5,1500000.0,278.23,3,Unknown,Sell,House,5391.22
"Campanhã, Porto",4,360000.0,245.0,4,To recovery,Sell,House,1469.39
"Lordelo do Ouro e Massarelos, Porto",5,790000.0,247.0,4,Renovated,Sell,House,3198.38
"Aldoar, Foz do Douro e Nevogilde, Porto",4,1350000.0,239.0,3,New,Sell,House,5648.54
"Campanhã, Porto",4,360000.0,245.0,4,To recovery,Sell,House,1469.39
"Lordelo do Ouro e Massarelos, Porto",4,650000.0,213.0,4,Used,Sell,House,3051.64
"Ramalde, Porto",2,250000.0,100.0,3,Used,Sell,House,2500.0
"Ramalde, Porto",3,820000.0,290.0,4,New,Sell,House,2827.59
"Cedofeita, Santo Ildefonso, Sé, Miragaia, São Nicolau e Vitória, Porto",5,650000.0,225.0,3,Unknown,Sell,House,2888.89
"Cedofeita, Santo Ildefonso, Sé, Miragaia, São Nicolau e Vitória, Porto",5,650000.0,190.0,4,Renovated,Sell,House,3421.05
"Paranhos, Porto",5,1200000.0,384.0,3,Unknown,Sell,House,3125.0
"Campanhã, Porto",4,145000.0,173.2,3,Unknown,Sell,House,837.18
"Ramalde, Porto",2,250000.0,86.0,3,Used,Sell,House,2906.98
"Campanhã, Porto",3,450000.0,170.0,2,Renovated,Sell,House,2647.06
"Campanhã, Porto",3,220000.0,84.0,1,Under construction,Sell,House,2619.05
"Campanhã, Porto",2,210000.0,70.0,1,Under construction,Sell,House,3000.0
"Campanhã, Porto",2,210000.0,68.0,1,Under construction,Sell,House,3088.24
"Campanhã, Porto",1,200000.0,121.0,2,Renovated,Sell,House,1652.89
"Campanhã, Porto",3,450000.0,170.0,2,Unknown,Sell,House,2647.06
"Campanhã, Porto",1,180000.0,69.0,1,Renovated,Sell,House,2608.7
"Campanhã, Porto",4,790000.0,260.0,4,Under construction,Sell,House,3038.46
"Campanhã, Porto",3,450000.0,170.0,2,Renovated,Sell,House,2647.06
"Lordelo do Ouro e Massarelos, Porto",3,800000.0,221.0,1,Unknown,Sell,House,3619.91
"Lordelo do Ouro e Massarelos, Porto",3,800000.0,221.0,1,To recovery,Sell,House,3619.91
"Ramalde, Porto",3,820000.0,350.0,4,New,Sell,House,2342.86
"Cedofeita, Santo Ildefonso, Sé, Miragaia, São Nicolau e Vitória, Porto",3,660000.0,261.0,3,Unknown,Sell,House,2528.74
"Cedofeita, Santo Ildefonso, Sé, Miragaia, São Nicolau e Vitória, Porto",5,1100000.0,400.0,4,Used,Sell,House,2750.0
"Cedofeita, Santo Ildefonso, Sé, Miragaia, São Nicolau e Vitória, Porto",3,565000.0,125.0,3,Renovated,Sell,House,4520.0
"Campanhã, Porto",2,320000.0,86.0,2,Renovated,Sell,House,3720.93
"Ramalde, Porto",4,450000.0,151.2,2,Used,Sell,House,2976.19
"Cedofeita, Santo Ildefonso, Sé, Miragaia, São Nicolau e Vitória, Porto",2,325000.0,107.0,2,New,Sell,House,3037.38
"Lordelo do Ouro e Massarelos, Porto",3,950000.0,188.0,4,Under construction,Sell,House,5053.19
"Lordelo do Ouro e Massarelos, Porto",4,980000.0,233.0,4,Under construction,Sell,House,4206.01
"Campanhã, Porto",2,220000.0,56.0,1,Renovated,Sell,House,3928.57
"Cedofeita, Santo Ildefonso, Sé, Miragaia, São Nicolau e Vitória, Porto",2,280000.0,55.0,1,Used,Sell,House,5090.91
"Ramalde, Porto",4,600000.0,164.0,4,New,Sell,House,3658.54
"Ramalde, Porto",4,575000.0,162.0,4,New,Sell,House,3549.38
"Lordelo do Ouro e Massarelos, Porto",3,565000.0,127.0,3,Unknown,Sell,House,4448.82
"Paranhos, Porto",3,350000.0,104.0,2,Under construction,Sell,House,3365.38
"Aldoar, Foz do Douro e Nevogilde, Porto",3,820000.0,377.71,4,Under construction,Sell,House,2170.98
"Aldoar, Foz do Douro e Nevogilde, Porto",4,650000.0,237.63,4,Unknown,Sell,House,2735.34
"Paranhos, Porto",4,600000.0,509.0,3,Unknown,Sell,House,1178.78
"Cedofeita, Santo Ildefonso, Sé, Miragaia, São Nicolau e Vitória, Porto",2,250000.0,81.0,3,Unknown,Sell,House,3086.42
"Aldoar, Foz do Douro e Nevogilde, Porto",3,390000.0,95.93,1,Used,Sell,House,4065.46
"Aldoar, Foz do Douro e Nevogilde, Porto",4,850000.0,180.0,3,Unknown,Sell,House,4722.22
"Campanhã, Porto",3,279000.0,120.0,2,Used,Sell,House,2325.0
"Paranhos, Porto",4,200000.0,175.0,4,To recovery,Sell,House,1142.86
"Aldoar, Foz do Douro e Nevogilde, Porto",4,1900000.0,353.85,4,New,Sell,House,5369.51
"Paranhos, Porto",5,550000.0,224.0,4,To recovery,Sell,House,2455.36
"Paranhos, Porto",3,520000.0,148.0,3,Used,Sell,House,3513.51
"Cedofeita, Santo Ildefonso, Sé, Miragaia, São Nicolau e Vitória, Porto",4,998500.0,282.7,4,Unknown,Sell,House,3532.01
"Cedofeita, Santo Ildefonso, Sé, Miragaia, São Nicolau e Vitória, Porto",4,1152000.0,335.2,4,Unknown,Sell,House,3436.75
"Ramalde, Porto",2,420000.0,82.4,1,Used,Sell,House,5097.09
"Cedofeita, Santo Ildefonso, Sé, Miragaia, São Nicolau e Vitória, Porto",1,210000.0,40.0,1,Renovated,Sell,House,5250.0
"Lordelo do Ouro e Massarelos, Porto",3,800000.0,140.8,3,Used,Sell,House,5681.82
"Aldoar, Foz do Douro e Nevogilde, Porto",3,1550000.0,194.4,2,Unknown,Sell,House,7973.25
"Cedofeita, Santo Ildefonso, Sé, Miragaia, São Nicolau e Vitória, Porto",2,250000.0,70.0,1,To recovery,Sell,House,3571.43
"Cedofeita, Santo Ildefonso, Sé, Miragaia, São Nicolau e Vitória, Porto",4,988500.0,317.2,4,Unknown,Sell,House,3116.33
"Aldoar, Foz do Douro e Nevogilde, Porto",3,920000.0,288.0,2,Unknown,Sell,House,3194.44
"Aldoar, Foz do Douro e Nevogilde, Porto",4,1850000.0,361.0,3,Unknown,Sell,House,5124.65
"Campanhã, Porto",2,317388.0,86.0,2,Renovated,Sell,House,3690.56
"Aldoar, Foz do Douro e Nevogilde, Porto",4,1800000.0,236.0,3,Unknown,Sell,House,7627.12
"Aldoar, Foz do Douro e Nevogilde, Porto",4,820000.0,270.0,4,New,Sell,House,3037.04
"Cedofeita, Santo Ildefonso, Sé, Miragaia, São Nicolau e Vitória, Porto",3,565000.0,125.0,3,Unknown,Sell,House,4520.0
"Cedofeita, Santo Ildefonso, Sé, Miragaia, São Nicolau e Vitória, Porto",4,390000.0,213.0,1,Unknown,Sell,House,1830.99
"Ramalde, Porto",3,550000.0,94.0,2,Unknown,Sell,House,5851.06
"Aldoar, Foz do Douro e Nevogilde, Porto",4,1275000.0,296.0,3,Unknown,Sell,House,4307.43
"Cedofeita, Santo Ildefonso, Sé, Miragaia, São Nicolau e Vitória, Porto",4,760000.0,291.0,3,Used,Sell,House,2611.68
"Lordelo do Ouro e Massarelos, Porto",3,280000.0,120.0,1,Used,Sell,House,2333.33
"Cedofeita, Santo Ildefonso, Sé, Miragaia, São Nicolau e Vitória, Porto",3,450000.0,110.0,2,To recovery,Sell,House,4090.91
"Aldoar, Foz do Douro e Nevogilde, Porto",4,1500000.0,228.0,3,Unknown,Sell,House,6578.95
"Campanhã, Porto",2,180000.0,69.5,1,Renovated,Sell,House,2589.93
"Campanhã, Porto",2,190000.0,96.96,2,Renovated,Sell,House,1959.57
"Aldoar, Foz do Douro e Nevogilde, Porto",5,1450000.0,300.0,4,Used,Sell,House,4833.33
"Campanhã, Porto",4,375000.0,180.0,3,Renovated,Sell,House,2083.33
"Campanhã, Porto",1,64990.0,71.0,2,Unknown,Sell,House,915.35
"Lordelo do Ouro e Massarelos, Porto",4,1599000.0,298.2,3,Unknown,Sell,House,5362.17
"Campanhã, Porto",3,185000.0,54.0,2,Unknown,Sell,House,3425.93
"Aldoar, Foz do Douro e Nevogilde, Porto",4,590000.0,113.0,1,To recovery,Sell,House,5221.24
"Ramalde, Porto",3,550000.0,110.0,2,Unknown,Sell,House,5000.0
"Lordelo do Ouro e Massarelos, Porto",4,800000.0,305.0,2,Used,Sell,House,2622.95
"Paranhos, Porto",5,695000.0,400.0,3,Used,Sell,House,1737.5
"Aldoar, Foz do Douro e Nevogilde, Porto",5,1300000.0,172.0,3,Used,Sell,House,7558.14
"Ramalde, Porto",4,445000.0,186.0,3,Unknown,Sell,House,2392.47
"Lordelo do Ouro e Massarelos, Porto",5,375000.0,170.0,4,To recovery,Sell,House,2205.88
"Cedofeita, Santo Ildefonso, Sé, Miragaia, São Nicolau e Vitória, Porto",3,330000.0,105.0,4,Unknown,Sell,House,3142.86
"Cedofeita, Santo Ildefonso, Sé, Miragaia, São Nicolau e Vitória, Porto",1,235000.0,40.0,1,Used,Sell,House,5875.0
"Lordelo do Ouro e Massarelos, Porto",6,1950000.0,308.0,4,Used,Sell,House,6331.17
"Lordelo do Ouro e Massarelos, Porto",6,1800000.0,381.0,4,Unknown,Sell,House,4724.41
"Ramalde, Porto",4,600000.0,233.0,3,Unknown,Sell,House,2575.11
"Ramalde, Porto",4,575000.0,214.0,3,Unknown,Sell,House,2686.92
"Aldoar, Foz do Douro e Nevogilde, Porto",2,215000.0,67.0,2,Renovated,Sell,House,3208.96
"Ramalde, Porto",4,1250000.0,276.0,3,Unknown,Sell,House,4528.99
"Lordelo do Ouro e Massarelos, Porto",3,585000.0,121.0,2,Unknown,Sell,House,4834.71
"Paranhos, Porto",5,695000.0,295.0,3,Unknown,Sell,House,2355.93
"Cedofeita, Santo Ildefonso, Sé, Miragaia, São Nicolau e Vitória, Porto",2,315000.0,110.0,2,Unknown,Sell,House,2863.64
"Campanhã, Porto",2,309000.0,86.0,2,Used,Sell,House,3593.02
"Lordelo do Ouro e Massarelos, Porto",6,1650000.0,381.0,4,Unknown,Sell,House,4330.71
"Campanhã, Porto",2,80000.0,50.0,2,Unknown,Sell,House,1600.0
"Campanhã, Porto",3,165000.0,131.2,2,Unknown,Sell,House,1257.62
"Aldoar, Foz do Douro e Nevogilde, Porto",4,1350000.0,372.0,4,Unknown,Sell,House,3629.03
"Cedofeita, Santo Ildefonso, Sé, Miragaia, São Nicolau e Vitória, Porto",2,225000.0,70.0,2,Unknown,Sell,House,3214.29
"Lordelo do Ouro e Massarelos, Porto",4,795000.0,175.0,3,Under construction,Sell,House,4542.86
"Lordelo do Ouro e Massarelos, Porto",1,175000.0,36.0,1,New,Sell,House,4861.11
"Cedofeita, Santo Ildefonso, Sé, Miragaia, São Nicolau e Vitória, Porto",2,458450.0,110.0,2,New,Sell,House,4167.73
"Campanhã, Porto",2,230000.0,75.0,2,Unknown,Sell,House,3066.67
"Aldoar, Foz do Douro e Nevogilde, Porto",4,530000.0,320.0,3,Unknown,Sell,House,1656.25
"Lordelo do Ouro e Massarelos, Porto",1,795000.0,176.0,1,To recovery,Sell,House,4517.05
"Cedofeita, Santo Ildefonso, Sé, Miragaia, São Nicolau e Vitória, Porto",4,998500.0,240.0,3,Unknown,Sell,House,4160.42
"Cedofeita, Santo Ildefonso, Sé, Miragaia, São Nicolau e Vitória, Porto",4,988500.0,269.6,3,Unknown,Sell,House,3666.54
"Cedofeita, Santo Ildefonso, Sé, Miragaia, São Nicolau e Vitória, Porto",4,1152000.0,288.0,3,Unknown,Sell,House,4000.0
"Aldoar, Foz do Douro e Nevogilde, Porto",4,1300000.0,220.0,4,Used,Sell,House,5909.09
"Cedofeita, Santo Ildefonso, Sé, Miragaia, São Nicolau e Vitória, Porto",6,550000.0,386.0,4,Unknown,Sell,House,1424.87
"Paranhos, Porto",6,790000.0,460.3,3,Used,Sell,House,1716.27
"Campanhã, Porto",4,195000.0,197.0,3,In ruin,Sell,House,989.85
"Cedofeita, Santo Ildefonso, Sé, Miragaia, São Nicolau e Vitória, Porto",5,1600000.0,518.0,4,Unknown,Sell,House,3088.8
"Aldoar, Foz do Douro e Nevogilde, Porto",4,597000.0,190.0,3,Used,Sell,House,3142.11
"Aldoar, Foz do Douro e Nevogilde, Porto",4,1700000.0,542.0,4,Used,Sell,House,3136.53
"Aldoar, Foz do Douro e Nevogilde, Porto",4,850000.0,164.0,2,To recovery,Sell,House,5182.93
"Paranhos, Porto",4,520000.0,250.0,3,Unknown,Sell,House,2080.0
"Aldoar, Foz do Douro e Nevogilde, Porto",5,1250000.0,288.0,3,Used,Sell,House,4340.28
"Campanhã, Porto",2,223000.0,75.0,2,Renovated,Sell,House,2973.33
"Aldoar, Foz do Douro e Nevogilde, Porto",4,1250000.0,359.0,3,Unknown,Sell,House,3481.89
"Paranhos, Porto",5,550000.0,300.0,4,Used,Sell,House,1833.33
"Campanhã, Porto",3,450000.0,170.0,2,Renovated,Sell,House,2647.06
"Ramalde, Porto",4,1550000.0,280.0,4,Under construction,Sell,House,5535.71
"Ramalde, Porto",4,590000.0,198.0,4,Under construction,Sell,House,2979.8
"Ramalde, Porto",4,990000.0,226.0,4,New,Sell,House,4380.53
"Cedofeita, Santo Ildefonso, Sé, Miragaia, São Nicolau e Vitória, Porto",1,253450.0,61.6,1,Under construction,Sell,House,4114.45
"Cedofeita, Santo Ildefonso, Sé, Miragaia, São Nicolau e Vitória, Porto",2,458450.0,109.6,2,Under construction,Sell,House,4182.94
"Cedofeita, Santo Ildefonso, Sé, Miragaia, São Nicolau e Vitória, Porto",2,323250.0,70.2,1,Under construction,Sell,House,4604.7
"Cedofeita, Santo Ildefonso, Sé, Miragaia, São Nicolau e Vitória, Porto",1,263750.0,62.1,1,Under construction,Sell,House,4247.18
"Aldoar, Foz do Douro e Nevogilde, Porto",3,920000.0,255.0,3,Unknown,Sell,House,3607.84
"Paranhos, Porto",3,650000.0,280.0,3,New,Sell,House,2321.43
"Ramalde, Porto",4,1500000.0,336.0,3,Unknown,Sell,House,4464.29
"Aldoar, Foz do Douro e Nevogilde, Porto",3,820000.0,294.0,3,New,Sell,House,2789.12
"Lordelo do Ouro e Massarelos, Porto",4,1350000.0,194.0,3,Used,Sell,House,6958.76
"Cedofeita, Santo Ildefonso, Sé, Miragaia, São Nicolau e Vitória, Porto",5,650000.0,200.0,4,Renovated,Sell,House,3250.0
"Cedofeita, Santo Ildefonso, Sé, Miragaia, São Nicolau e Vitória, Porto",2,315000.0,110.0,2,Unknown,Sell,House,2863.64
"Campanhã, Porto",4,335000.0,187.0,3,Used,Sell,House,1791.44
"Ramalde, Porto",4,1530000.0,287.0,4,Under construction,Sell,House,5331.01
"Ramalde, Porto",4,1365000.0,255.0,4,Under construction,Sell,House,5352.94
"Cedofeita, Santo Ildefonso, Sé, Miragaia, São Nicolau e Vitória, Porto",5,650000.0,225.0,3,Unknown,Sell,House,2888.89
"Lordelo do Ouro e Massarelos, Porto",2,350000.0,101.0,3,Unknown,Sell,House,3465.35
"Cedofeita, Santo Ildefonso, Sé, Miragaia, São Nicolau e Vitória, Porto",5,650000.0,225.0,4,Used,Sell,House,2888.89
"Ramalde, Porto",3,820000.0,300.0,2,Unknown,Sell,House,2733.33
"Lordelo do Ouro e Massarelos, Porto",6,730000.0,254.0,4,Used,Sell,House,2874.02
"Paranhos, Porto",6,550000.0,288.0,4,Used,Sell,House,1909.72
"Paranhos, Porto",6,550000.0,288.0,4,Used,Sell,House,1909.72
"Campanhã, Porto",2,180000.0,70.0,1,Unknown,Sell,House,2571.43
"Campanhã, Porto",4,790000.0,259.0,4,Unknown,Sell,House,3050.19
"Campanhã, Porto",2,167500.0,35.0,1,Renovated,Sell,House,4785.71
"Ramalde, Porto",4,1410000.0,263.0,4,Under construction,Sell,House,5361.22
"Ramalde, Porto",4,1450000.0,267.0,4,Under construction,Sell,House,5430.71
"Ramalde, Porto",4,1490000.0,271.0,4,Under construction,Sell,House,5498.15
"Ramalde, Porto",4,1395000.0,266.0,4,Under construction,Sell,House,5244.36
"Ramalde, Porto",4,1420000.0,264.0,4,Under construction,Sell,House,5378.79
"Ramalde, Porto",4,1460000.0,271.0,4,Under construction,Sell,House,5387.45
"Aldoar, Foz do Douro e Nevogilde, Porto",4,1150000.0,318.0,2,Unknown,Sell,House,3616.35
"Aldoar, Foz do Douro e Nevogilde, Porto",3,899000.0,194.5,3,Used,Sell,House,4622.11
"Aldoar, Foz do Douro e Nevogilde, Porto",3,575000.0,72.55,2,Unknown,Sell,House,7925.57
"Aldoar, Foz do Douro e Nevogilde, Porto",2,495000.0,61.65,2,Unknown,Sell,House,8029.2
"Aldoar, Foz do Douro e Nevogilde, Porto",4,1800000.0,197.0,4,Used,Sell,House,9137.06
"Aldoar, Foz do Douro e Nevogilde, Porto",4,1250000.0,288.0,3,Unknown,Sell,House,4340.28
"Aldoar, Foz do Douro e Nevogilde, Porto",1,385000.0,72.0,2,Unknown,Sell,House,5347.22
"Paranhos, Porto",4,1050000.0,432.0,3,Unknown,Sell,House,2430.56
"Cedofeita, Santo Ildefonso, Sé, Miragaia, São Nicolau e Vitória, Porto",1,263750.0,54.0,1,Under construction,Sell,House,4884.26
"Cedofeita, Santo Ildefonso, Sé, Miragaia, São Nicolau e Vitória, Porto",4,595000.0,118.0,4,Renovated,Sell,House,5042.37
"Paranhos, Porto",3,260000.0,90.0,2,Used,Sell,House,2888.89
"Paranhos, Porto",5,450000.0,136.0,4,Unknown,Sell,House,3308.82
"Cedofeita, Santo Ildefonso, Sé, Miragaia, São Nicolau e Vitória, Porto",4,550000.0,180.0,3,Used,Sell,House,3055.56
"Cedofeita, Santo Ildefonso, Sé, Miragaia, São Nicolau e Vitória, Porto",3,315000.0,110.0,3,New,Sell,House,2863.64
"Cedofeita, Santo Ildefonso, Sé, Miragaia, São Nicolau e Vitória, Porto",3,330000.0,113.0,4,Used,Sell,House,2920.35
"Lordelo do Ouro e Massarelos, Porto",4,980000.0,260.0,4,Used,Sell,House,3769.23
"Cedofeita, Santo Ildefonso, Sé, Miragaia, São Nicolau e Vitória, Porto",1,253450.0,63.86,2,Unknown,Sell,House,3968.84
"Cedofeita, Santo Ildefonso, Sé, Miragaia, São Nicolau e Vitória, Porto",1,263750.0,63.86,2,Unknown,Sell,House,4130.13
"Cedofeita, Santo Ildefonso, Sé, Miragaia, São Nicolau e Vitória, Porto",2,458450.0,112.27,2,Unknown,Sell,House,4083.46
"Cedofeita, Santo Ildefonso, Sé, Miragaia, São Nicolau e Vitória, Porto",2,323250.0,72.1,2,Unknown,Sell,House,4483.36
"Cedofeita, Santo Ildefonso, Sé, Miragaia, São Nicolau e Vitória, Porto",2,447150.0,104.03,2,Unknown,Sell,House,4298.28
"Aldoar, Foz do Douro e Nevogilde, Porto",5,1000000.0,210.0,4,Used,Sell,House,4761.9
"Ramalde, Porto",1,395000.0,104.0,2,Unknown,Sell,House,3798.08
"Ramalde, Porto",3,950000.0,266.0,2,Unknown,Sell,House,3571.43
"Ramalde, Porto",3,820000.0,290.0,4,New,Sell,House,2827.59
"Aldoar, Foz do Douro e Nevogilde, Porto",2,580000.0,150.0,2,Unknown,Sell,House,3866.67
"Aldoar, Foz do Douro e Nevogilde, Porto",4,1150000.0,182.0,4,Renovated,Sell,House,6318.68
"Lordelo do Ouro e Massarelos, Porto",5,1950000.0,371.0,4,Renovated,Sell,House,5256.06
"Aldoar, Foz do Douro e Nevogilde, Porto",4,1150000.0,182.0,4,New,Sell,House,6318.68
"Paranhos, Porto",5,695000.0,400.0,3,Used,Sell,House,1737.5
"Cedofeita, Santo Ildefonso, Sé, Miragaia, São Nicolau e Vitória, Porto",1,227136.0,58.2,1,Unknown,Sell,House,3902.68
"Cedofeita, Santo Ildefonso, Sé, Miragaia, São Nicolau e Vitória, Porto",3,565000.0,133.0,2,Unknown,Sell,House,4248.12
"Paranhos, Porto",3,395000.0,119.0,4,Unknown,Sell,House,3319.33
"Ramalde, Porto",4,600000.0,233.0,3,Unknown,Sell,House,2575.11
"Aldoar, Foz do Douro e Nevogilde, Porto",4,1150000.0,181.8,3,Unknown,Sell,House,6325.63
"Campanhã, Porto",3,239000.0,86.0,2,Used,Sell,House,2779.07
"Campanhã, Porto",2,239000.0,63.0,2,Used,Sell,House,3793.65
"Lordelo do Ouro e Massarelos, Porto",4,1500000.0,177.0,3,Unknown,Sell,House,8474.58
"Campanhã, Porto",2,230000.0,75.0,2,Renovated,Sell,House,3066.67
"Aldoar, Foz do Douro e Nevogilde, Porto",4,1200000.0,187.0,3,Unknown,Sell,House,6417.11
"Aldoar, Foz do Douro e Nevogilde, Porto",4,1150000.0,182.0,4,New,Sell,House,6318.68
"Lordelo do Ouro e Massarelos, Porto",6,1650000.0,381.0,4,Used,Sell,House,4330.71
"Lordelo do Ouro e Massarelos, Porto",6,1650000.0,307.91,4,Unknown,Sell,House,5358.71
"Aldoar, Foz do Douro e Nevogilde, Porto",4,1950000.0,469.2,3,Unknown,Sell,House,4156.01
"Aldoar, Foz do Douro e Nevogilde, Porto",4,1250000.0,250.0,3,Unknown,Sell,House,5000.0
"Paranhos, Porto",3,600000.0,300.0,2,Unknown,Sell,House,2000.0
"Lordelo do Ouro e Massarelos, Porto",6,950000.0,462.0,2,Used,Sell,House,2056.28
"Campanhã, Porto",3,450000.0,170.0,2,Unknown,Sell,House,2647.06
"Cedofeita, Santo Ildefonso, Sé, Miragaia, São Nicolau e Vitória, Porto",2,335000.0,90.0,1,Unknown,Sell,House,3722.22
"Ramalde, Porto",5,750000.0,244.0,3,Unknown,Sell,House,3073.77
"Campanhã, Porto",2,900000.0,302.0,3,Unknown,Sell,House,2980.13
"Campanhã, Porto",4,182500.0,208.0,2,Unknown,Sell,House,877.4
"Aldoar, Foz do Douro e Nevogilde, Porto",3,250000.0,100.0,1,To recovery,Sell,House,2500.0
"Campanhã, Porto",4,245000.0,109.0,2,Unknown,Sell,House,2247.71
"Ramalde, Porto",3,200000.0,45.7,2,Unknown,Sell,House,4376.37
"Campanhã, Porto",2,150000.0,125.0,1,To recovery,Sell,House,1200.0
"Ramalde, Porto",4,675000.0,164.0,3,Unknown,Sell,House,4115.85
"Ramalde, Porto",4,675000.0,162.0,3,Unknown,Sell,House,4166.67
"Ramalde, Porto",3,820000.0,290.2,2,Unknown,Sell,House,2825.64
"Cedofeita, Santo Ildefonso, Sé, Miragaia, São Nicolau e Vitória, Porto",4,760000.0,245.79,3,Unknown,Sell,House,3092.07
"Campanhã, Porto",2,410000.0,236.88,4,Renovated,Sell,House,1730.83
"Ramalde, Porto",4,585000.0,130.34,2,Unknown,Sell,House,4488.26
"Ramalde, Porto",3,950000.0,226.42,4,Under construction,Sell,House,4195.74
"Ramalde, Porto",3,1100000.0,226.42,4,Under construction,Sell,House,4858.23
"Ramalde, Porto",3,1250000.0,226.42,4,Under construction,Sell,House,5520.71
"Ramalde, Porto",3,1200000.0,226.42,4,Under construction,Sell,House,5299.89
"Ramalde, Porto",3,1100000.0,226.42,4,Under construction,Sell,House,4858.23
"Ramalde, Porto",3,1000000.0,226.42,4,Under construction,Sell,House,4416.57
"Campanhã, Porto",4,430000.0,170.0,3,Unknown,Sell,House,2529.41
"Campanhã, Porto",2,170000.0,50.0,1,Used,Sell,House,3400.0
"Aldoar, Foz do Douro e Nevogilde, Porto",3,1550000.0,359.0,4,Used,Sell,House,4317.55
"Aldoar, Foz do Douro e Nevogilde, Porto",4,1250000.0,288.0,3,Used,Sell,House,4340.28
"Aldoar, Foz do Douro e Nevogilde, Porto",5,1150000.0,280.0,3,To recovery,Sell,House,4107.14
"Aldoar, Foz do Douro e Nevogilde, Porto",4,1930000.0,250.0,2,Renovated,Sell,House,7720.0
"Lordelo do Ouro e Massarelos, Porto",4,1350000.0,194.0,3,Used,Sell,House,6958.76
"Campanhã, Porto",4,760000.0,135.0,4,Unknown,Sell,House,5629.63
"Campanhã, Porto",3,450000.0,170.0,2,Renovated,Sell,House,2647.06
"Aldoar, Foz do Douro e Nevogilde, Porto",4,1250000.0,276.0,4,Unknown,Sell,House,4528.99
"Ramalde, Porto",3,200000.0,60.0,1,Unknown,Sell,House,3333.33
"Campanhã, Porto",2,239000.0,81.0,2,Unknown,Sell,House,2950.62
"Ramalde, Porto",4,675000.0,205.0,4,New,Sell,House,3292.68
"Cedofeita, Santo Ildefonso, Sé, Miragaia, São Nicolau e Vitória, Porto",1,150000.0,28.0,1,Unknown,Sell,House,5357.14
"Campanhã, Porto",5,280000.0,180.0,2,Used,Sell,House,1555.56
"Aldoar, Foz do Douro e Nevogilde, Porto",2,499000.0,90.0,2,Renovated,Sell,House,5544.44
"Aldoar, Foz do Douro e Nevogilde, Porto",5,1450000.0,300.0,4,Used,Sell,House,4833.33
"Ramalde, Porto",3,187500.0,110.0,1,To recovery,Sell,House,1704.55
"Cedofeita, Santo Ildefonso, Sé, Miragaia, São Nicolau e Vitória, Porto",5,650000.0,225.0,4,Used,Sell,House,2888.89
"Campanhã, Porto",3,170000.0,300.0,2,To recovery,Sell,House,566.67
"Cedofeita, Santo Ildefonso, Sé, Miragaia, São Nicolau e Vitória, Porto",1,210000.0,40.0,2,Unknown,Sell,House,5250.0
"Paranhos, Porto",5,550000.0,140.0,4,New,Sell,House,3928.57
"Paranhos, Porto",5,355000.0,318.9,2,Used,Sell,House,1113.2
"Campanhã, Porto",2,318000.0,64.0,2,Unknown,Sell,House,4968.75
"Campanhã, Porto",4,337000.0,150.0,1,To recovery,Sell,House,2246.67
"Aldoar, Foz do Douro e Nevogilde, Porto",3,1200000.0,230.0,3,Used,Sell,House,5217.39
"Paranhos, Porto",5,550000.0,140.0,4,New,Sell,House,3928.57
"Aldoar, Foz do Douro e Nevogilde, Porto",4,820000.0,270.0,4,New,Sell,House,3037.04
"Ramalde, Porto",3,950000.0,226.0,4,Under construction,Sell,House,4203.54
"Lordelo do Ouro e Massarelos, Porto",3,410000.0,125.0,2,Used,Sell,House,3280.0
"Paranhos, Porto",5,337900.0,195.0,3,Used,Sell,House,1732.82
"Aldoar, Foz do Douro e Nevogilde, Porto",4,1150000.0,185.0,4,Unknown,Sell,House,6216.22
"Paranhos, Porto",5,220000.0,245.0,2,Used,Sell,House,897.96
"Cedofeita, Santo Ildefonso, Sé, Miragaia, São Nicolau e Vitória, Porto",1,230000.0,54.0,1,New,Sell,House,4259.26
"Cedofeita, Santo Ildefonso, Sé, Miragaia, São Nicolau e Vitória, Porto",1,230000.0,53.0,1,Renovated,Sell,House,4339.62
"Campanhã, Porto",4,265000.0,130.0,2,To recovery,Sell,House,2038.46
"Paranhos, Porto",4,320000.0,136.0,2,Unknown,Sell,House,2352.94
"Paranhos, Porto",5,560000.0,312.0,3,Unknown,Sell,House,1794.87
"Paranhos, Porto",5,355000.0,319.0,3,Unknown,Sell,House,1112.85
"Cedofeita, Santo Ildefonso, Sé, Miragaia, São Nicolau e Vitória, Porto",6,850000.0,312.0,4,Used,Sell,House,2724.36
"Paranhos, Porto",4,635000.0,139.0,3,Unknown,Sell,House,4568.35
"Campanhã, Porto",3,255000.0,84.0,2,Unknown,Sell,House,3035.71
"Lordelo do Ouro e Massarelos, Porto",2,350000.0,101.0,3,Unknown,Sell,House,3465.35
"Cedofeita, Santo Ildefonso, Sé, Miragaia, São Nicolau e Vitória, Porto",2,232000.0,110.0,1,In ruin,Sell,House,2109.09
"Cedofeita, Santo Ildefonso, Sé, Miragaia, São Nicolau e Vitória, Porto",2,215000.0,83.0,2,Unknown,Sell,House,2590.36
"Campanhã, Porto",3,217500.0,200.0,3,Unknown,Sell,House,1087.5
"Aldoar, Foz do Douro e Nevogilde, Porto",4,1700000.0,384.5,3,Unknown,Sell,House,4421.33
"Paranhos, Porto",4,1050000.0,317.0,4,Unknown,Sell,House,3312.3
"Aldoar, Foz do Douro e Nevogilde, Porto",3,499000.0,114.0,2,Renovated,Sell,House,4377.19
"Aldoar, Foz do Douro e Nevogilde, Porto",4,1650000.0,220.0,3,Used,Sell,House,7500.0
"Aldoar, Foz do Douro e Nevogilde, Porto",5,1590000.0,340.0,3,Unknown,Sell,House,4676.47
"Paranhos, Porto",1,200000.0,60.0,1,To recovery,Sell,House,3333.33
"Cedofeita, Santo Ildefonso, Sé, Miragaia, São Nicolau e Vitória, Porto",2,323250.0,70.2,1,New,Sell,House,4604.7
"Cedofeita, Santo Ildefonso, Sé, Miragaia, São Nicolau e Vitória, Porto",1,253450.0,61.6,1,New,Sell,House,4114.45
"Cedofeita, Santo Ildefonso, Sé, Miragaia, São Nicolau e Vitória, Porto",1,263750.0,62.1,1,New,Sell,House,4247.18
"Cedofeita, Santo Ildefonso, Sé, Miragaia, São Nicolau e Vitória, Porto",2,458450.0,109.6,2,New,Sell,House,4182.94
"Aldoar, Foz do Douro e Nevogilde, Porto",4,1800000.0,277.2,3,Used,Sell,House,6493.51
"Aldoar, Foz do Douro e Nevogilde, Porto",3,899000.0,245.0,2,Unknown,Sell,House,3669.39
"Aldoar, Foz do Douro e Nevogilde, Porto",3,920000.0,118.8,4,Under construction,Sell,House,7744.11
"Aldoar, Foz do Douro e Nevogilde, Porto",5,1350000.0,309.0,4,Used,Sell,House,4368.93
"Lordelo do Ouro e Massarelos, Porto",5,790000.0,247.0,4,Renovated,Sell,House,3198.38
"Ramalde, Porto",2,325000.0,100.0,3,Renovated,Sell,House,3250.0
"Aldoar, Foz do Douro e Nevogilde, Porto",3,920000.0,288.0,4,Under construction,Sell,House,3194.44
"Lordelo do Ouro e Massarelos, Porto",4,1600000.0,357.0,3,Unknown,Sell,House,4481.79
"Lordelo do Ouro e Massarelos, Porto",3,1450000.0,222.5,4,New,Sell,House,6516.85
"Cedofeita, Santo Ildefonso, Sé, Miragaia, São Nicolau e Vitória, Porto",5,850000.0,269.0,4,Unknown,Sell,House,3159.85
"Ramalde, Porto",2,160000.0,55.1,1,To recovery,Sell,House,2903.81
"Cedofeita, Santo Ildefonso, Sé, Miragaia, São Nicolau e Vitória, Porto",4,988500.0,317.0,4,Under construction,Sell,House,3118.3
"Cedofeita, Santo Ildefonso, Sé, Miragaia, São Nicolau e Vitória, Porto",4,1152000.0,335.0,4,Under construction,Sell,House,3438.81
"Campanhã, Porto",3,450000.0,170.0,2,Renovated,Sell,House,2647.06
"Aldoar, Foz do Douro e Nevogilde, Porto",3,920000.0,129.0,4,New,Sell,House,7131.78
"Aldoar, Foz do Douro e Nevogilde, Porto",4,1400000.0,308.6,2,Used,Sell,House,4536.62
"Aldoar, Foz do Douro e Nevogilde, Porto",5,1450000.0,300.0,4,Unknown,Sell,House,4833.33
"Lordelo do Ouro e Massarelos, Porto",5,790000.0,249.0,4,Unknown,Sell,House,3172.69
"Lordelo do Ouro e Massarelos, Porto",3,265000.0,120.0,3,Used,Sell,House,2208.33
"Lordelo do Ouro e Massarelos, Porto",4,850000.0,178.0,3,Unknown,Sell,House,4775.28
"Aldoar, Foz do Douro e Nevogilde, Porto",4,1500000.0,284.0,4,Used,Sell,House,5281.69
"Campanhã, Porto",2,126000.0,75.0,1,Used,Sell,House,1680.0
"Ramalde, Porto",4,225000.0,174.0,2,To recovery,Sell,House,1293.1
"Lordelo do Ouro e Massarelos, Porto",2,190000.0,55.28,1,Used,Sell,House,3437.05
"Cedofeita, Santo Ildefonso, Sé, Miragaia, São Nicolau e Vitória, Porto",3,990000.0,173.0,2,Unknown,Sell,House,5722.54
"Aldoar, Foz do Douro e Nevogilde, Porto",4,1150000.0,181.8,4,Used,Sell,House,6325.63
"Campanhã, Porto",3,239000.0,103.0,3,Unknown,Sell,House,2320.39
"Campanhã, Porto",2,317500.0,64.0,2,Unknown,Sell,House,4960.94
"Cedofeita, Santo Ildefonso, Sé, Miragaia, São Nicolau e Vitória, Porto",4,760000.0,291.0,4,Used,Sell,House,2611.68
"Lordelo do Ouro e Massarelos, Porto",5,790000.0,144.0,3,Unknown,Sell,House,5486.11
"Cedofeita, Santo Ildefonso, Sé, Miragaia, São Nicolau e Vitória, Porto",3,330000.0,113.0,4,Renovated,Sell,House,2920.35
"Ramalde, Porto",4,325000.0,130.0,3,Renovated,Sell,House,2500.0
"Campanhã, Porto",2,259000.0,112.0,1,Used,Sell,House,2312.5
"Aldoar, Foz do Douro e Nevogilde, Porto",4,1180000.0,264.0,3,Unknown,Sell,House,4469.7
"Aldoar, Foz do Douro e Nevogilde, Porto",5,899000.0,127.0,3,Unknown,Sell,House,7078.74
"Cedofeita, Santo Ildefonso, Sé, Miragaia, São Nicolau e Vitória, Porto",4,890000.0,206.0,3,Unknown,Sell,House,4320.39
"Aldoar, Foz do Douro e Nevogilde, Porto",4,1150000.0,184.0,3,Renovated,Sell,House,6250.0
"Lordelo do Ouro e Massarelos, Porto",3,800000.0,140.8,2,Unknown,Sell,House,5681.82
"Lordelo do Ouro e Massarelos, Porto",3,225000.0,44.0,4,To recovery,Sell,House,5113.64
"Cedofeita, Santo Ildefonso, Sé, Miragaia, São Nicolau e Vitória, Porto",3,250000.0,113.0,4,Unknown,Sell,House,2212.39
"Ramalde, Porto",4,600000.0,233.0,4,New,Sell,House,2575.11
"Cedofeita, Santo Ildefonso, Sé, Miragaia, São Nicolau e Vitória, Porto",3,850000.0,231.0,4,Renovated,Sell,House,3679.65
"Cedofeita, Santo Ildefonso, Sé, Miragaia, São Nicolau e Vitória, Porto",2,134900.0,40.0,1,Renovated,Sell,House,3372.5
"Cedofeita, Santo Ildefonso, Sé, Miragaia, São Nicolau e Vitória, Porto",3,330000.0,105.0,1,Under construction,Sell,House,3142.86
"Lordelo do Ouro e Massarelos, Porto",4,650000.0,260.0,4,Renovated,Sell,House,2500.0
"Cedofeita, Santo Ildefonso, Sé, Miragaia, São Nicolau e Vitória, Porto",6,640000.0,166.0,3,Used,Sell,House,3855.42
"Ramalde, Porto",3,950000.0,226.0,4,Under construction,Sell,House,4203.54
"Ramalde, Porto",4,600000.0,180.0,3,Unknown,Sell,House,3333.33
"Ramalde, Porto",4,600000.0,189.0,3,Unknown,Sell,House,3174.6
"Ramalde, Porto",4,575000.0,185.0,3,Unknown,Sell,House,3108.11
"Aldoar, Foz do Douro e Nevogilde, Porto",4,1350000.0,221.4,3,Unknown,Sell,House,6097.56
"Campanhã, Porto",2,130000.0,322.0,2,To recovery,Sell,House,403.73
"Aldoar, Foz do Douro e Nevogilde, Porto",4,1780000.0,445.0,4,Unknown,Sell,House,4000.0
"Aldoar, Foz do Douro e Nevogilde, Porto",3,690000.0,89.0,2,Unknown,Sell,House,7752.81
"Cedofeita, Santo Ildefonso, Sé, Miragaia, São Nicolau e Vitória, Porto",3,215000.0,150.0,2,Unknown,Sell,House,1433.33
"Cedofeita, Santo Ildefonso, Sé, Miragaia, São Nicolau e Vitória, Porto",2,300000.0,125.0,2,To recovery,Sell,House,2400.0
"Cedofeita, Santo Ildefonso, Sé, Miragaia, São Nicolau e Vitória, Porto",1,253450.0,64.0,1,Under construction,Sell,House,3960.16
"Cedofeita, Santo Ildefonso, Sé, Miragaia, São Nicolau e Vitória, Porto",2,323250.0,72.0,1,Under construction,Sell,House,4489.58
"Campanhã, Porto",3,239000.0,70.0,2,Used,Sell,House,3414.29
"Aldoar, Foz do Douro e Nevogilde, Porto",3,820000.0,369.0,4,Unknown,Sell,House,2222.22
"Aldoar, Foz do Douro e Nevogilde, Porto",4,1150000.0,181.8,3,Unknown,Sell,House,6325.63
"Aldoar, Foz do Douro e Nevogilde, Porto",4,1125000.0,260.0,4,Renovated,Sell,House,4326.92
"Paranhos, Porto",5,695000.0,300.0,3,Used,Sell,House,2316.67
"Aldoar, Foz do Douro e Nevogilde, Porto",5,1980000.0,405.0,4,Under construction,Sell,House,4888.89
"Paranhos, Porto",4,650000.0,300.0,3,Unknown,Sell,House,2166.67
"Aldoar, Foz do Douro e Nevogilde, Porto",5,1300000.0,517.0,3,Unknown,Sell,House,2514.51
"Cedofeita, Santo Ildefonso, Sé, Miragaia, São Nicolau e Vitória, Porto",5,1100000.0,397.0,4,Used,Sell,House,2770.78
"Campanhã, Porto",3,163000.0,110.0,1,Unknown,Sell,House,1481.82
"Aldoar, Foz do Douro e Nevogilde, Porto",5,390000.0,140.0,1,To recovery,Sell,House,2785.71
"Ramalde, Porto",3,130000.0,65.0,1,Unknown,Sell,House,2000.0
"Ramalde, Porto",3,265000.0,90.0,1,Unknown,Sell,House,2944.44
"Campanhã, Porto",5,720000.0,240.0,4,Unknown,Sell,House,3000.0
"Cedofeita, Santo Ildefonso, Sé, Miragaia, São Nicolau e Vitória, Porto",4,550000.0,180.0,3,Used,Sell,House,3055.56
"Aldoar, Foz do Douro e Nevogilde, Porto",4,1500000.0,250.0,4,Unknown,Sell,House,6000.0
"Cedofeita, Santo Ildefonso, Sé, Miragaia, São Nicolau e Vitória, Porto",4,350000.0,146.0,2,Unknown,Sell,House,2397.26
"Campanhã, Porto",4,188500.0,78.0,2,Unknown,Sell,House,2416.67
"Lordelo do Ouro e Massarelos, Porto",3,269500.0,129.0,1,Unknown,Sell,House,2089.15
"Ramalde, Porto",3,820000.0,290.0,2,Unknown,Sell,House,2827.59
"Ramalde, Porto",3,820000.0,270.0,2,Unknown,Sell,House,3037.04
"Paranhos, Porto",1,275000.0,93.0,2,Unknown,Sell,House,2956.99
"Aldoar, Foz do Douro e Nevogilde, Porto",4,1125000.0,269.0,3,Unknown,Sell,House,4182.16
"Ramalde, Porto",5,750000.0,244.0,3,Unknown,Sell,House,3073.77
"Aldoar, Foz do Douro e Nevogilde, Porto",3,1490000.0,349.0,2,Unknown,Sell,House,4269.34
"Aldoar, Foz do Douro e Nevogilde, Porto",4,850000.0,179.0,3,Under construction,Sell,House,4748.6
"Cedofeita, Santo Ildefonso, Sé, Miragaia, São Nicolau e Vitória, Porto",2,265000.0,58.0,1,To recovery,Sell,House,4568.97
"Aldoar, Foz do Douro e Nevogilde, Porto",5,1930000.0,250.0,3,Unknown,Sell,House,7720.0
"Cedofeita, Santo Ildefonso, Sé, Miragaia, São Nicolau e Vitória, Porto",2,323250.0,70.2,1,New,Sell,House,4604.7
"Cedofeita, Santo Ildefonso, Sé, Miragaia, São Nicolau e Vitória, Porto",1,263750.0,61.1,1,New,Sell,House,4316.69
"Cedofeita, Santo Ildefonso, Sé, Miragaia, São Nicolau e Vitória, Porto",2,458450.0,109.6,2,New,Sell,House,4182.94
"Cedofeita, Santo Ildefonso, Sé, Miragaia, São Nicolau e Vitória, Porto",2,250000.0,70.0,1,To recovery,Sell,House,3571.43
"Aldoar, Foz do Douro e Nevogilde, Porto",1,385000.0,72.0,2,Unknown,Sell,House,5347.22
"Aldoar, Foz do Douro e Nevogilde, Porto",3,920000.0,288.0,4,Under construction,Sell,House,3194.44
"Ramalde, Porto",4,1395000.0,266.0,4,Under construction,Sell,House,5244.36
"Ramalde, Porto",4,1680000.0,373.39,4,Used,Sell,House,4499.32
"Ramalde, Porto",2,250000.0,86.0,3,Used,Sell,House,2906.98
"Ramalde, Porto",4,1460000.0,271.0,4,Under construction,Sell,House,5387.45
"Cedofeita, Santo Ildefonso, Sé, Miragaia, São Nicolau e Vitória, Porto",1,130000.0,27.0,1,Renovated,Sell,House,4814.81
"Aldoar, Foz do Douro e Nevogilde, Porto",5,1450000.0,300.0,3,Unknown,Sell,House,4833.33
"Ramalde, Porto",3,485000.0,130.0,4,New,Sell,House,3730.77
"Lordelo do Ouro e Massarelos, Porto",3,780000.0,218.0,4,Unknown,Sell,House,3577.98
"Cedofeita, Santo Ildefonso, Sé, Miragaia, São Nicolau e Vitória, Porto",2,325000.0,106.7,2,New,Sell,House,3045.92
"Cedofeita, Santo Ildefonso, Sé, Miragaia, São Nicolau e Vitória, Porto",2,315000.0,100.3,2,New,Sell,House,3140.58
"Campanhã, Porto",1,115000.0,36.9,1,Unknown,Sell,House,3116.53
"Ramalde, Porto",4,575000.0,233.0,4,New,Sell,House,2467.81
"Cedofeita, Santo Ildefonso, Sé, Miragaia, São Nicolau e Vitória, Porto",4,988500.0,317.0,4,Under construction,Sell,House,3118.3
"Aldoar, Foz do Douro e Nevogilde, Porto",4,1990000.0,271.04,4,New,Sell,House,7342.09
"Campanhã, Porto",2,239000.0,86.0,2,Unknown,Sell,House,2779.07
"Aldoar, Foz do Douro e Nevogilde, Porto",3,820000.0,270.0,2,New,Sell,House,3037.04
"Aldoar, Foz do Douro e Nevogilde, Porto",3,820000.0,290.0,2,Unknown,Sell,House,2827.59
"Cedofeita, Santo Ildefonso, Sé, Miragaia, São Nicolau e Vitória, Porto",4,942000.0,280.0,4,Under construction,Sell,House,3364.29
"Lordelo do Ouro e Massarelos, Porto",3,950000.0,372.0,4,Under construction,Sell,House,2553.76
"Lordelo do Ouro e Massarelos, Porto",4,980000.0,348.0,4,Under construction,Sell,House,2816.09
"Ramalde, Porto",4,825000.0,271.0,1,Under construction,Sell,House,3044.28
"Paranhos, Porto",5,695000.0,400.0,3,Used,Sell,House,1737.5
"Cedofeita, Santo Ildefonso, Sé, Miragaia, São Nicolau e Vitória, Porto",4,1152000.0,335.0,4,Under construction,Sell,House,3438.81
"Cedofeita, Santo Ildefonso, Sé, Miragaia, São Nicolau e Vitória, Porto",4,1152000.0,339.0,4,Under construction,Sell,House,3398.23
"Cedofeita, Santo Ildefonso, Sé, Miragaia, São Nicolau e Vitória, Porto",4,998500.0,283.0,4,Under construction,Sell,House,3528.27
"Cedofeita, Santo Ildefonso, Sé, Miragaia, São Nicolau e Vitória, Porto",2,323250.0,72.0,2,New,Sell,House,4489.58
"Cedofeita, Santo Ildefonso, Sé, Miragaia, São Nicolau e Vitória, Porto",1,253450.0,64.0,1,New,Sell,House,3960.16
"Aldoar, Foz do Douro e Nevogilde, Porto",3,1300000.0,233.0,2,Unknown,Sell,House,5579.4
"Aldoar, Foz do Douro e Nevogilde, Porto",3,1200000.0,223.0,2,Unknown,Sell,House,5381.17
"Cedofeita, Santo Ildefonso, Sé, Miragaia, São Nicolau e Vitória, Porto",3,370000.0,188.0,3,Unknown,Sell,House,1968.09
"Cedofeita, Santo Ildefonso, Sé, Miragaia, São Nicolau e Vitória, Porto",2,275000.0,48.0,1,Used,Sell,House,5729.17
"Aldoar, Foz do Douro e Nevogilde, Porto",2,325000.0,80.0,2,Unknown,Sell,House,4062.5
"Campanhã, Porto",3,580000.0,53.0,2,Unknown,Sell,House,10943.4
"Campanhã, Porto",5,230000.0,346.0,3,Unknown,Sell,House,664.74
"Lordelo do Ouro e Massarelos, Porto",4,1690000.0,263.7,4,Unknown,Sell,House,6408.8
"Aldoar, Foz do Douro e Nevogilde, Porto",3,360000.0,127.0,2,Used,Sell,House,2834.65
"Cedofeita, Santo Ildefonso, Sé, Miragaia, São Nicolau e Vitória, Porto",1,155000.0,30.0,1,New,Sell,House,5166.67
"Lordelo do Ouro e Massarelos, Porto",4,190000.0,129.0,1,To recovery,Sell,House,1472.87
"Campanhã, Porto",4,185000.0,199.0,3,Unknown,Sell,House,929.65
"Lordelo do Ouro e Massarelos, Porto",4,800000.0,305.0,3,Used,Sell,House,2622.95
"Campanhã, Porto",3,195000.0,165.94,3,To recovery,Sell,House,1175.12
"Cedofeita, Santo Ildefonso, Sé, Miragaia, São Nicolau e Vitória, Porto",1,155000.0,30.0,2,Unknown,Sell,House,5166.67
"Campanhã, Porto",3,182500.0,213.0,2,Unknown,Sell,House,856.81
"Ramalde, Porto",3,850000.0,251.0,3,Used,Sell,House,3386.45
"Paranhos, Porto",3,300000.0,105.0,2,To recovery,Sell,House,2857.14
"Ramalde, Porto",4,625000.0,168.0,4,Unknown,Sell,House,3720.24
"Campanhã, Porto",5,995000.0,374.0,3,Unknown,Sell,House,2660.43
"Ramalde, Porto",3,820000.0,299.0,4,New,Sell,House,2742.47
"Paranhos, Porto",5,650000.0,282.0,2,Unknown,Sell,House,2304.96
"Aldoar, Foz do Douro e Nevogilde, Porto",4,1500000.0,223.0,4,Under construction,Sell,House,6726.46
"Lordelo do Ouro e Massarelos, Porto",3,795000.0,176.0,4,Used,Sell,House,4517.05
"Lordelo do Ouro e Massarelos, Porto",5,490000.0,250.0,3,Unknown,Sell,House,1960.0
"Cedofeita, Santo Ildefonso, Sé, Miragaia, São Nicolau e Vitória, Porto",3,650000.0,200.0,4,Renovated,Sell,House,3250.0
"Aldoar, Foz do Douro e Nevogilde, Porto",5,1950000.0,371.0,4,Unknown,Sell,House,5256.06
"Campanhã, Porto",1,160000.0,40.0,1,Unknown,Sell,House,4000.0
"Lordelo do Ouro e Massarelos, Porto",3,795000.0,176.0,4,New,Sell,House,4517.05
"Cedofeita, Santo Ildefonso, Sé, Miragaia, São Nicolau e Vitória, Porto",1,305000.0,86.5,2,Unknown,Sell,House,3526.01
"Cedofeita, Santo Ildefonso, Sé, Miragaia, São Nicolau e Vitória, Porto",1,274000.0,67.0,2,Unknown,Sell,House,4089.55
"Campanhã, Porto",6,548000.0,214.07,2,Used,Sell,House,2559.91
"Campanhã, Porto",3,239000.0,81.0,2,Used,Sell,House,2950.62
"Paranhos, Porto",5,699000.0,171.13,4,New,Sell,House,4084.61
"Ramalde, Porto",3,980000.0,306.0,4,New,Sell,House,3202.61
"Ramalde, Porto",3,950000.0,226.0,3,New,Sell,House,4203.54
"Paranhos, Porto",4,650000.0,300.0,3,Unknown,Sell,House,2166.67
"Aldoar, Foz do Douro e Nevogilde, Porto",3,820000.0,290.2,2,Unknown,Sell,House,2825.64
"Ramalde, Porto",2,250000.0,45.0,2,Renovated,Sell,House,5555.56
"Aldoar, Foz do Douro e Nevogilde, Porto",5,1500000.0,228.2,3,Unknown,Sell,House,6573.18
"Cedofeita, Santo Ildefonso, Sé, Miragaia, São Nicolau e Vitória, Porto",5,695000.0,312.0,3,Unknown,Sell,House,2227.56
"Cedofeita, Santo Ildefonso, Sé, Miragaia, São Nicolau e Vitória, Porto",1,215000.0,63.0,1,New,Sell,House,3412.7
"Campanhã, Porto",4,130000.0,62.0,2,To recovery,Sell,House,2096.77
"Lordelo do Ouro e Massarelos, Porto",6,1650000.0,381.0,4,Unknown,Sell,House,4330.71
"Lordelo do Ouro e Massarelos, Porto",5,325000.0,144.0,2,To recovery,Sell,House,2256.94
"Aldoar, Foz do Douro e Nevogilde, Porto",4,899000.0,254.0,3,Unknown,Sell,House,3539.37
"Cedofeita, Santo Ildefonso, Sé, Miragaia, São Nicolau e Vitória, Porto",4,590000.0,276.0,3,Unknown,Sell,House,2137.68
"Ramalde, Porto",3,820000.0,299.0,4,New,Sell,House,2742.47
"Aldoar, Foz do Douro e Nevogilde, Porto",3,245000.0,132.0,2,Unknown,Sell,House,1856.06
"Campanhã, Porto",3,699000.0,143.0,2,Used,Sell,House,4888.11
"Lordelo do Ouro e Massarelos, Porto",4,690000.0,156.0,3,Used,Sell,House,4423.08
"Lordelo do Ouro e Massarelos, Porto",4,650000.0,260.0,4,Renovated,Sell,House,2500.0
"Aldoar, Foz do Douro e Nevogilde, Porto",5,1500000.0,360.0,4,Renovated,Sell,House,4166.67
"Campanhã, Porto",3,252500.0,91.0,3,Used,Sell,House,2774.73
"Campanhã, Porto",1,160000.0,41.0,1,Used,Sell,House,3902.44
"Campanhã, Porto",1,200000.0,80.0,1,Used,Sell,House,2500.0
"Campanhã, Porto",1,210000.0,70.0,1,Used,Sell,House,3000.0
"Aldoar, Foz do Douro e Nevogilde, Porto",5,1375000.0,334.0,3,Unknown,Sell,House,4116.77
"Lordelo do Ouro e Massarelos, Porto",5,649000.0,366.0,3,Unknown,Sell,House,1773.22
"Paranhos, Porto",4,425000.0,240.0,3,Unknown,Sell,House,1770.83
"Campanhã, Porto",3,490000.0,350.0,4,Unknown,Sell,House,1400.0
"Ramalde, Porto",3,950000.0,226.0,4,Under construction,Sell,House,4203.54
"Paranhos, Porto",6,299900.0,262.0,4,Used,Sell,House,1144.66
"Aldoar, Foz do Douro e Nevogilde, Porto",4,820000.0,270.0,4,New,Sell,House,3037.04
"Aldoar, Foz do Douro e Nevogilde, Porto",4,820000.0,270.0,4,New,Sell,House,3037.04
"Lordelo do Ouro e Massarelos, Porto",4,985000.0,243.0,3,Unknown,Sell,House,4053.5
"Campanhã, Porto",2,318000.0,64.0,2,Renovated,Sell,House,4968.75
"Ramalde, Porto",3,485000.0,160.0,4,New,Sell,House,3031.25
"Ramalde, Porto",4,675000.0,162.0,3,Unknown,Sell,House,4166.67
"Paranhos, Porto",1,200000.0,60.0,1,To recovery,Sell,House,3333.33
"Aldoar, Foz do Douro e Nevogilde, Porto",4,1800000.0,199.3,3,Unknown,Sell,House,9031.61
"Cedofeita, Santo Ildefonso, Sé, Miragaia, São Nicolau e Vitória, Porto",4,210000.0,380.0,3,Unknown,Sell,House,552.63
"Campanhã, Porto",5,415000.0,180.0,2,Used,Sell,House,2305.56
"Paranhos, Porto",1,200000.0,60.0,1,Unknown,Sell,House,3333.33
"Aldoar, Foz do Douro e Nevogilde, Porto",4,1650000.0,220.0,3,Unknown,Sell,House,7500.0
"Campanhã, Porto",3,450000.0,170.0,2,Renovated,Sell,House,2647.06
"Aldoar, Foz do Douro e Nevogilde, Porto",5,890000.0,268.0,4,New,Sell,House,3320.9
"Campanhã, Porto",3,450000.0,170.0,2,Renovated,Sell,House,2647.06
"Aldoar, Foz do Douro e Nevogilde, Porto",3,360000.0,67.0,2,Used,Sell,House,5373.13
"Paranhos, Porto",5,735000.0,175.0,4,Used,Sell,House,4200.0
"Ramalde, Porto",1,295000.0,58.0,1,To recovery,Sell,House,5086.21
"Aldoar, Foz do Douro e Nevogilde, Porto",4,850000.0,270.0,4,Used,Sell,House,3148.15
"Lordelo do Ouro e Massarelos, Porto",3,550000.0,127.0,3,Unknown,Sell,House,4330.71
"Lordelo do Ouro e Massarelos, Porto",5,490000.0,359.0,3,Unknown,Sell,House,1364.9
"Ramalde, Porto",2,250000.0,100.0,3,Renovated,Sell,House,2500.0
"Ramalde, Porto",4,600000.0,233.0,3,Unknown,Sell,House,2575.11
"Campanhã, Porto",2,400000.0,206.0,1,Used,Sell,House,1941.75
"Paranhos, Porto",3,288500.0,101.0,3,Used,Sell,House,2856.44
"Aldoar, Foz do Douro e Nevogilde, Porto",4,690000.0,338.0,3,Used,Sell,House,2041.42
"Paranhos, Porto",1,200000.0,60.0,1,To recovery,Sell,House,3333.33
"Paranhos, Porto",5,550000.0,288.0,3,Unknown,Sell,House,1909.72
"Aldoar, Foz do Douro e Nevogilde, Porto",3,920000.0,258.0,4,Unknown,Sell,House,3565.89
"Paranhos, Porto",3,390000.0,180.0,3,Used,Sell,House,2166.67
"Campanhã, Porto",2,180000.0,70.0,2,Unknown,Sell,House,2571.43
"Paranhos, Porto",2,200000.0,60.0,1,To recovery,Sell,House,3333.33
"Campanhã, Porto",2,170000.0,64.0,1,Used,Sell,House,2656.25
"Aldoar, Foz do Douro e Nevogilde, Porto",3,920000.0,288.0,4,Used,Sell,House,3194.44
"Paranhos, Porto",3,390000.0,150.0,2,To recovery,Sell,House,2600.0
"Ramalde, Porto",4,575000.0,233.0,4,New,Sell,House,2467.81
"Cedofeita, Santo Ildefonso, Sé, Miragaia, São Nicolau e Vitória, Porto",5,850000.0,269.0,4,Unknown,Sell,House,3159.85
"Paranhos, Porto",6,760000.0,305.0,4,Unknown,Sell,House,2491.8
"Ramalde, Porto",2,225000.0,124.0,2,Unknown,Sell,House,1814.52
"Cedofeita, Santo Ildefonso, Sé, Miragaia, São Nicolau e Vitória, Porto",1,130000.0,43.0,1,Used,Sell,House,3023.26
"Campanhã, Porto",1,165000.0,60.0,2,Renovated,Sell,House,2750.0
"Campanhã, Porto",4,450000.0,192.0,2,Used,Sell,House,2343.75
"Ramalde, Porto",3,485000.0,160.0,4,New,Sell,House,3031.25
"Cedofeita, Santo Ildefonso, Sé, Miragaia, São Nicolau e Vitória, Porto",4,850000.0,291.0,4,Used,Sell,House,2920.96
"Lordelo do Ouro e Massarelos, Porto",2,630000.0,144.0,2,Unknown,Sell,House,4375.0
"Ramalde, Porto",4,890000.0,388.0,4,Unknown,Sell,House,2293.81
"Campanhã, Porto",3,795000.0,220.0,3,Used,Sell,House,3613.64
"Campanhã, Porto",2,247000.0,130.0,2,Unknown,Sell,House,1900.0
"Aldoar, Foz do Douro e Nevogilde, Porto",5,1750000.0,355.6,4,Renovated,Sell,House,4921.26
"Paranhos, Porto",5,695000.0,312.0,3,Used,Sell,House,2227.56
"Cedofeita, Santo Ildefonso, Sé, Miragaia, São Nicolau e Vitória, Porto",4,595000.0,140.0,3,Unknown,Sell,House,4250.0
"Campanhã, Porto",4,182500.0,213.0,3,Unknown,Sell,House,856.81
"Aldoar, Foz do Douro e Nevogilde, Porto",5,1590000.0,480.0,4,Used,Sell,House,3312.5
"Lordelo do Ouro e Massarelos, Porto",5,1280000.0,408.0,4,Used,Sell,House,3137.25
"Paranhos, Porto",3,195000.0,150.0,3,Used,Sell,House,1300.0
"Campanhã, Porto",3,239000.0,81.0,2,To recovery,Sell,House,2950.62
"Ramalde, Porto",4,675000.0,200.0,4,New,Sell,House,3375.0
"Ramalde, Porto",3,735000.0,161.6,4,New,Sell,House,4548.27
"Ramalde, Porto",4,600000.0,274.0,4,New,Sell,House,2189.78
"Ramalde, Porto",2,440000.0,66.68,1,Used,Sell,House,6598.68
"Ramalde, Porto",3,220000.0,124.0,2,Unknown,Sell,House,1774.19
"Cedofeita, Santo Ildefonso, Sé, Miragaia, São Nicolau e Vitória, Porto",2,458450.0,112.0,2,Unknown,Sell,House,4093.3
"Campanhã, Porto",3,190000.0,100.0,2,Used,Sell,House,1900.0
"Cedofeita, Santo Ildefonso, Sé, Miragaia, São Nicolau e Vitória, Porto",2,280000.0,146.0,2,Used,Sell,House,1917.81
"Cedofeita, Santo Ildefonso, Sé, Miragaia, São Nicolau e Vitória, Porto",4,850000.0,312.0,4,Renovated,Sell,House,2724.36
"Campanhã, Porto",6,580000.0,326.0,4,Unknown,Sell,House,1779.14
"Ramalde, Porto",3,450000.0,120.0,4,Under construction,Sell,House,3750.0
"Cedofeita, Santo Ildefonso, Sé, Miragaia, São Nicolau e Vitória, Porto",4,365000.0,189.0,3,To recovery,Sell,House,1931.22
"Ramalde, Porto",3,400000.0,260.0,2,Unknown,Sell,House,1538.46
"Aldoar, Foz do Douro e Nevogilde, Porto",4,570000.0,556.0,3,Unknown,Sell,House,1025.18
"Aldoar, Foz do Douro e Nevogilde, Porto",3,245000.0,125.0,2,Used,Sell,House,1960.0
"Cedofeita, Santo Ildefonso, Sé, Miragaia, São Nicolau e Vitória, Porto",6,360000.0,240.0,4,Unknown,Sell,House,1500.0
"Cedofeita, Santo Ildefonso, Sé, Miragaia, São Nicolau e Vitória, Porto",3,607000.0,114.0,2,New,Sell,House,5324.56
"Aldoar, Foz do Douro e Nevogilde, Porto",4,900000.0,270.0,4,Used,Sell,House,3333.33
"Cedofeita, Santo Ildefonso, Sé, Miragaia, São Nicolau e Vitória, Porto",1,245000.0,48.0,1,To recovery,Sell,House,5104.17
"Cedofeita, Santo Ildefonso, Sé, Miragaia, São Nicolau e Vitória, Porto",1,195000.0,48.0,1,To recovery,Sell,House,4062.5
"Cedofeita, Santo Ildefonso, Sé, Miragaia, São Nicolau e Vitória, Porto",3,315000.0,110.0,2,Unknown,Sell,House,2863.64
"Ramalde, Porto",2,215000.0,55.0,1,Used,Sell,House,3909.09
"Paranhos, Porto",4,250000.0,170.0,2,Unknown,Sell,House,1470.59
"Paranhos, Porto",1,250000.0,45.0,2,Unknown,Sell,House,5555.56
"Cedofeita, Santo Ildefonso, Sé, Miragaia, São Nicolau e Vitória, Porto",3,330000.0,160.0,4,Renovated,Sell,House,2062.5
"Lordelo do Ouro e Massarelos, Porto",4,1150000.0,226.0,4,Under construction,Sell,House,5088.5
"Lordelo do Ouro e Massarelos, Porto",3,825000.0,177.0,4,Under construction,Sell,House,4661.02
"Cedofeita, Santo Ildefonso, Sé, Miragaia, São Nicolau e Vitória, Porto",2,323500.0,72.1,2,Unknown,Sell,House,4486.82
"Cedofeita, Santo Ildefonso, Sé, Miragaia, São Nicolau e Vitória, Porto",3,330000.0,105.0,4,Renovated,Sell,House,3142.86
"Cedofeita, Santo Ildefonso, Sé, Miragaia, São Nicolau e Vitória, Porto",2,447150.0,104.0,2,Under construction,Sell,House,4299.52
"Paranhos, Porto",4,450000.0,225.0,1,Unknown,Sell,House,2000.0
"Paranhos, Porto",1,160000.0,22.0,1,Unknown,Sell,House,7272.73
"Paranhos, Porto",1,325000.0,108.0,1,New,Sell,House,3009.26
"Cedofeita, Santo Ildefonso, Sé, Miragaia, São Nicolau e Vitória, Porto",1,165000.0,25.0,1,New,Sell,House,6600.0
"Aldoar, Foz do Douro e Nevogilde, Porto",4,925000.0,224.0,4,New,Sell,House,4129.46
"Campanhã, Porto",4,182500.0,208.0,1,To recovery,Sell,House,877.4
"Aldoar, Foz do Douro e Nevogilde, Porto",3,407000.0,135.0,2,To recovery,Sell,House,3014.81
"Cedofeita, Santo Ildefonso, Sé, Miragaia, São Nicolau e Vitória, Porto",3,370000.0,84.4,3,Renovated,Sell,House,4383.89
"Paranhos, Porto",4,235000.0,100.0,2,Used,Sell,House,2350.0
"Campanhã, Porto",3,250000.0,90.95,2,Unknown,Sell,House,2748.76
"Campanhã, Porto",1,200000.0,89.0,2,Unknown,Sell,House,2247.19
"Ramalde, Porto",3,450000.0,135.0,3,Renovated,Sell,House,3333.33
"Campanhã, Porto",4,190000.0,103.0,3,Unknown,Sell,House,1844.66
"Aldoar, Foz do Douro e Nevogilde, Porto",3,925000.0,172.0,4,Under construction,Sell,House,5377.91
"Aldoar, Foz do Douro e Nevogilde, Porto",3,410000.0,128.0,3,To recovery,Sell,House,3203.12
"Cedofeita, Santo Ildefonso, Sé, Miragaia, São Nicolau e Vitória, Porto",1,274000.0,67.0,2,Unknown,Sell,House,4089.55
"Cedofeita, Santo Ildefonso, Sé, Miragaia, São Nicolau e Vitória, Porto",3,450000.0,130.0,3,Used,Sell,House,3461.54
"Campanhã, Porto",4,220000.0,331.0,3,Unknown,Sell,House,664.65
"Aldoar, Foz do Douro e Nevogilde, Porto",4,750000.0,261.0,4,To recovery,Sell,House,2873.56
"Lordelo do Ouro e Massarelos, Porto",6,1600000.0,449.0,4,Unknown,Sell,House,3563.47
"Campanhã, Porto",4,190000.0,103.0,2,Used,Sell,House,1844.66
"Cedofeita, Santo Ildefonso, Sé, Miragaia, São Nicolau e Vitória, Porto",6,550000.0,196.0,4,To recovery,Sell,House,2806.12
"Aldoar, Foz do Douro e Nevogilde, Porto",3,269000.0,132.0,2,Unknown,Sell,House,2037.88
"Lordelo do Ouro e Massarelos, Porto",3,730000.0,233.0,4,Unknown,Sell,House,3133.05
"Cedofeita, Santo Ildefonso, Sé, Miragaia, São Nicolau e Vitória, Porto",1,263750.0,63.86,1,Under construction,Sell,House,4130.13
"Cedofeita, Santo Ildefonso, Sé, Miragaia, São Nicolau e Vitória, Porto",3,350000.0,84.0,3,Used,Sell,House,4166.67
"Campanhã, Porto",1,139000.0,37.64,1,Unknown,Sell,House,3692.88
"Campanhã, Porto",4,190000.0,213.0,4,To recovery,Sell,House,892.02
"Aldoar, Foz do Douro e Nevogilde, Porto",2,899000.0,236.5,2,Used,Sell,House,3801.27
"Campanhã, Porto",3,180000.0,150.0,3,To recovery,Sell,House,1200.0
"Campanhã, Porto",1,260000.0,133.0,2,Unknown,Sell,House,1954.89
"Cedofeita, Santo Ildefonso, Sé, Miragaia, São Nicolau e Vitória, Porto",5,475000.0,290.0,4,Used,Sell,House,1637.93
"Lordelo do Ouro e Massarelos, Porto",2,369000.0,92.0,2,Renovated,Sell,House,4010.87
"Campanhã, Porto",4,400000.0,300.0,3,Unknown,Sell,House,1333.33
"Campanhã, Porto",2,165000.0,50.9,2,Used,Sell,House,3241.65
"Cedofeita, Santo Ildefonso, Sé, Miragaia, São Nicolau e Vitória, Porto",2,295000.0,294.0,2,Unknown,Sell,House,1003.4
"Ramalde, Porto",3,390000.0,130.0,2,Used,Sell,House,3000.0
"Campanhã, Porto",3,112500.0,45.0,2,Unknown,Sell,House,2500.0
"Cedofeita, Santo Ildefonso, Sé, Miragaia, São Nicolau e Vitória, Porto",3,350000.0,84.4,2,Used,Sell,House,4146.92
"Paranhos, Porto",2,215000.0,80.0,2,Under construction,Sell,House,2687.5
"Campanhã, Porto",6,140000.0,317.0,3,To recovery,Sell,House,441.64
"Cedofeita, Santo Ildefonso, Sé, Miragaia, São Nicolau e Vitória, Porto",6,650000.0,440.0,4,To recovery,Sell,House,1477.27
"Cedofeita, Santo Ildefonso, Sé, Miragaia, São Nicolau e Vitória, Porto",3,450000.0,130.0,2,Used,Sell,House,3461.54
"Paranhos, Porto",5,450000.0,220.0,4,Unknown,Sell,House,2045.45
"Cedofeita, Santo Ildefonso, Sé, Miragaia, São Nicolau e Vitória, Porto",3,298000.0,81.0,2,Used,Sell,House,3679.01
"Aldoar, Foz do Douro e Nevogilde, Porto",2,725000.0,143.0,3,Under construction,Sell,House,5069.93
"Aldoar, Foz do Douro e Nevogilde, Porto",2,790000.0,150.0,3,Under construction,Sell,House,5266.67
"Aldoar, Foz do Douro e Nevogilde, Porto",3,1040000.0,187.0,4,Under construction,Sell,House,5561.5
"Aldoar, Foz do Douro e Nevogilde, Porto",3,1025000.0,187.0,4,Under construction,Sell,House,5481.28
"Aldoar, Foz do Douro e Nevogilde, Porto",3,1325000.0,188.0,4,Under construction,Sell,House,7047.87
"Aldoar, Foz do Douro e Nevogilde, Porto",3,1000000.0,187.0,4,Under construction,Sell,House,5347.59
"Campanhã, Porto",1,220000.0,90.0,1,Renovated,Sell,House,2444.44
"Campanhã, Porto",4,182500.0,213.0,3,Unknown,Sell,House,856.81
"Aldoar, Foz do Douro e Nevogilde, Porto",3,980000.0,187.0,4,Under construction,Sell,House,5240.64
"Aldoar, Foz do Douro e Nevogilde, Porto",2,825000.0,160.0,3,Under construction,Sell,House,5156.25
"Aldoar, Foz do Douro e Nevogilde, Porto",3,925000.0,175.0,3,Under construction,Sell,House,5285.71
"Cedofeita, Santo Ildefonso, Sé, Miragaia, São Nicolau e Vitória, Porto",1,210000.0,40.0,1,Renovated,Sell,House,5250.0
"Paranhos, Porto",5,550000.0,294.0,2,Used,Sell,House,1870.75
"Lordelo do Ouro e Massarelos, Porto",4,1600000.0,449.0,4,Used,Sell,House,3563.47
"Campanhã, Porto",3,550000.0,194.0,2,Unknown,Sell,House,2835.05
"Paranhos, Porto",3,239000.0,105.0,2,Unknown,Sell,House,2276.19
"Aldoar, Foz do Douro e Nevogilde, Porto",5,1800000.0,420.0,2,Used,Sell,House,4285.71
"Campanhã, Porto",3,235000.0,210.0,2,Used,Sell,House,1119.05
"Ramalde, Porto",4,180000.0,82.0,3,Unknown,Sell,House,2195.12
"Ramalde, Porto",3,550000.0,320.0,4,Used,Sell,House,1718.75
"Campanhã, Porto",6,650000.0,307.0,4,Unknown,Sell,House,2117.26
"Aldoar, Foz do Douro e Nevogilde, Porto",4,1050000.0,220.0,2,To recovery,Sell,House,4772.73
"Cedofeita, Santo Ildefonso, Sé, Miragaia, São Nicolau e Vitória, Porto",4,550000.0,90.0,2,Used,Sell,House,6111.11
"Campanhã, Porto",4,174000.0,49.0,3,Unknown,Sell,House,3551.02
"Paranhos, Porto",6,1650000.0,352.0,4,Unknown,Sell,House,4687.5
"Cedofeita, Santo Ildefonso, Sé, Miragaia, São Nicolau e Vitória, Porto",1,253450.0,61.6,1,Under construction,Sell,House,4114.45
"Cedofeita, Santo Ildefonso, Sé, Miragaia, São Nicolau e Vitória, Porto",1,140000.0,27.5,2,Unknown,Sell,House,5090.91
"Paranhos, Porto",2,185000.0,41.0,1,Unknown,Sell,House,4512.2
"Cedofeita, Santo Ildefonso, Sé, Miragaia, São Nicolau e Vitória, Porto",1,150000.0,22.0,1,Renovated,Sell,House,6818.18
"Cedofeita, Santo Ildefonso, Sé, Miragaia, São Nicolau e Vitória, Porto",3,220000.0,104.4,2,To recovery,Sell,House,2107.28
"Ramalde, Porto",3,320000.0,95.6,2,Unknown,Sell,House,3347.28
"Cedofeita, Santo Ildefonso, Sé, Miragaia, São Nicolau e Vitória, Porto",2,458450.0,112.27,2,Under construction,Sell,House,4083.46
"Ramalde, Porto",4,180000.0,82.0,3,Unknown,Sell,House,2195.12
"Cedofeita, Santo Ildefonso, Sé, Miragaia, São Nicolau e Vitória, Porto",3,300000.0,290.0,4,To recovery,Sell,House,1034.48
"Cedofeita, Santo Ildefonso, Sé, Miragaia, São Nicolau e Vitória, Porto",3,1500000.0,440.0,4,New,Sell,House,3409.09
"Lordelo do Ouro e Massarelos, Porto",6,1600000.0,357.0,4,Unknown,Sell,House,4481.79
"Lordelo do Ouro e Massarelos, Porto",3,500000.0,232.0,4,To recovery,Sell,House,2155.17
"Paranhos, Porto",3,29950.0,32.0,2,Unknown,Sell,House,935.94
"Campanhã, Porto",2,260000.0,68.0,1,To recovery,Sell,House,3823.53
"Paranhos, Porto",3,600000.0,328.0,3,Under construction,Sell,House,1829.27
"Aldoar, Foz do Douro e Nevogilde, Porto",4,1250000.0,359.0,3,Unknown,Sell,House,3481.89
"Aldoar, Foz do Douro e Nevogilde, Porto",3,820000.0,270.0,4,New,Sell,House,3037.04
"Aldoar, Foz do Douro e Nevogilde, Porto",1,197500.0,53.8,1,Unknown,Sell,House,3671.0
"Cedofeita, Santo Ildefonso, Sé, Miragaia, São Nicolau e Vitória, Porto",3,475000.0,290.0,1,To recovery,Sell,House,1637.93
"Paranhos, Porto",2,315000.0,100.0,2,Unknown,Sell,House,3150.0
"Campanhã, Porto",4,239000.0,105.0,2,Unknown,Sell,House,2276.19
"Lordelo do Ouro e Massarelos, Porto",1,320000.0,50.0,1,Unknown,Sell,House,6400.0
"Cedofeita, Santo Ildefonso, Sé, Miragaia, São Nicolau e Vitória, Porto",2,129000.0,70.0,2,Renovated,Sell,House,1842.86
"Campanhã, Porto",3,215000.0,90.0,2,Unknown,Sell,House,2388.89
"Ramalde, Porto",3,1000000.0,226.42,4,New,Sell,House,4416.57
"Aldoar, Foz do Douro e Nevogilde, Porto",2,980000.0,196.0,2,Unknown,Sell,House,5000.0
"Cedofeita, Santo Ildefonso, Sé, Miragaia, São Nicolau e Vitória, Porto",1,178000.0,40.0,1,Renovated,Sell,House,4450.0
"Lordelo do Ouro e Massarelos, Porto",1,225000.0,44.0,1,To recovery,Sell,House,5113.64
"Aldoar, Foz do Douro e Nevogilde, Porto",3,590000.0,150.0,2,To recovery,Sell,House,3933.33
"Cedofeita, Santo Ildefonso, Sé, Miragaia, São Nicolau e Vitória, Porto",2,458450.0,112.27,1,Under construction,Sell,House,4083.46
"Cedofeita, Santo Ildefonso, Sé, Miragaia, São Nicolau e Vitória, Porto",1,263750.0,63.86,1,Under construction,Sell,House,4130.13
"Cedofeita, Santo Ildefonso, Sé, Miragaia, São Nicolau e Vitória, Porto",1,253450.0,63.86,1,Under construction,Sell,House,3968.84
"Campanhã, Porto",2,215000.0,135.0,2,Unknown,Sell,House,1592.59
"Paranhos, Porto",4,139000.0,53.0,1,Unknown,Sell,House,2622.64
"Campanhã, Porto",4,180000.0,168.0,3,Unknown,Sell,House,1071.43
"Cedofeita, Santo Ildefonso, Sé, Miragaia, São Nicolau e Vitória, Porto",2,398000.0,145.0,1,Unknown,Sell,House,2744.83
"Paranhos, Porto",6,699000.0,320.33,4,Unknown,Sell,House,2182.12
"Ramalde, Porto",4,1800000.0,285.5,3,Used,Sell,House,6304.73
"Ramalde, Porto",3,820000.0,394.0,2,Unknown,Sell,House,2081.22
"Campanhã, Porto",5,199000.0,124.0,4,Used,Sell,House,1604.84
"Aldoar, Foz do Douro e Nevogilde, Porto",4,925000.0,294.62,3,Unknown,Sell,House,3139.64
"Campanhã, Porto",3,120000.0,50.0,2,Unknown,Sell,House,2400.0
"Lordelo do Ouro e Massarelos, Porto",4,120000.0,265.0,3,Unknown,Sell,House,452.83
"Ramalde, Porto",4,1250000.0,400.0,4,Used,Sell,House,3125.0
"Paranhos, Porto",4,550000.0,224.46,3,Unknown,Sell,House,2450.33
"Campanhã, Porto",2,1650000.0,350.0,2,Unknown,Sell,House,4714.29
"Cedofeita, Santo Ildefonso, Sé, Miragaia, São Nicolau e Vitória, Porto",3,252500.0,93.0,2,Unknown,Sell,House,2715.05
"Paranhos, Porto",4,370000.0,325.0,3,Unknown,Sell,House,1138.46
"Ramalde, Porto",3,820000.0,290.0,4,Under construction,Sell,House,2827.59
"Cedofeita, Santo Ildefonso, Sé, Miragaia, São Nicolau e Vitória, Porto",3,235000.0,110.0,2,To recovery,Sell,House,2136.36
"Aldoar, Foz do Douro e Nevogilde, Porto",3,849000.0,247.0,2,Unknown,Sell,House,3437.25
"Campanhã, Porto",2,115000.0,76.0,2,Unknown,Sell,House,1513.16
"Lordelo do Ouro e Massarelos, Porto",4,650000.0,390.0,2,To recovery,Sell,House,1666.67
"Lordelo do Ouro e Massarelos, Porto",4,1599000.0,298.2,3,Unknown,Sell,House,5362.17
"Campanhã, Porto",4,150000.0,130.0,3,Unknown,Sell,House,1153.85
"Aldoar, Foz do Douro e Nevogilde, Porto",4,820000.0,400.0,4,Under construction,Sell,House,2050.0
"Lordelo do Ouro e Massarelos, Porto",3,370000.0,135.0,3,To recovery,Sell,House,2740.74
"Paranhos, Porto",4,235000.0,253.0,3,Unknown,Sell,House,928.85
"Lordelo do Ouro e Massarelos, Porto",3,600000.0,196.0,2,Unknown,Sell,House,3061.22
"Campanhã, Porto",1,160000.0,33.28,1,Renovated,Sell,House,4807.69
"Campanhã, Porto",5,199000.0,142.0,2,Used,Sell,House,1401.41
"Aldoar, Foz do Douro e Nevogilde, Porto",4,1200000.0,272.0,4,Unknown,Sell,House,4411.76
"Aldoar, Foz do Douro e Nevogilde, Porto",5,760000.0,236.0,3,Unknown,Sell,House,3220.34
"Aldoar, Foz do Douro e Nevogilde, Porto",4,1750000.0,214.8,3,Unknown,Sell,House,8147.11
"Campanhã, Porto",1,159000.0,60.0,2,New,Sell,House,2650.0
"Lordelo do Ouro e Massarelos, Porto",4,1350000.0,142.47,3,Unknown,Sell,House,9475.68
"Paranhos, Porto",4,589900.0,256.0,3,Unknown,Sell,House,2304.3
